Row.names,ADCY5,FXYD2,CA2,ABCB4,SLC2A1,SLC10A2,UGT2B15,UGT2A3,SLC51B,ADCY4,CDE_ID_3226963,OS,OS_IND,DFS,DFS_IND,Diagnosis.Age,American.Joint.Committee.on.Cancer.Metastasis.Stage.Code,Neoplasm.Disease.Lymph.Node.Stage.American.Joint.Committee.on.Cancer.Code,American.Joint.Committee.on.Cancer.Tumor.Stage.Code,Neoplasm.Disease.Stage.American.Joint.Committee.on.Cancer.Code,Mutation.Count,Oncotree.Code,Patient.Primary.Tumor.Site,Race.Category,Sex,riskscore,medianB
TCGA.3L.AA1B.01,2.365,1.357,4.656,1.513,5.946,0,0.806,3.09,3.039,2.936,MSS,15.61,0,NA,NA,61,M0,N0,T2,Stage I,NA,COADREAD,Cecum,BLACK OR AFRICAN AMERICAN,Female,1.749979,1
TCGA.4N.A93T.01,2.938,0.031,5.747,0.199,5.199,0.023,0.537,1.533,4.434,2.053,MSS,4.8,0,4.8,0,67,M0,N1b,T4a,Stage IIIB,NA,COAD,Ascending Colon,BLACK OR AFRICAN AMERICAN,Male,0.768714,0
TCGA.4T.AA8H.01,0.545,0.023,6.411,0.149,6.494,0,1.881,2.352,3.213,2.614,Indeterminate,12.65,0,12.65,0,42,MX,N0,T3,Stage IIA,NA,MACR,Descending Colon,BLACK OR AFRICAN AMERICAN,Female,0.403371,0
TCGA.5M.AAT4.01,0.664,0.083,4.246,0.289,7.701,0,0.204,0.12,3.169,2.5,MSS,1.61,1,NA,NA,74,M1b,N0,T3,Stage IV,NA,COAD,Ascending Colon,BLACK OR AFRICAN AMERICAN,Male,1.067907,1
TCGA.5M.AAT5.01,0.627,0.274,5.6,0.424,7.064,0.081,1.487,1.086,3.908,1.299,MSI-L,NA,NA,NA,NA,NA,NA,NA,NA,NA,NA,COADREAD,NA,NA,NA,0.821239,0
TCGA.5M.AAT6.01,0.95,0.078,4.043,0.595,5.553,0,0.249,0.094,0.526,2.981,MSI-H,9.53,1,7.19,1,40,M1a,N2b,T4a,Stage IV,NA,COAD,Transverse Colon,BLACK OR AFRICAN AMERICAN,Female,1.152345,1
TCGA.5M.AATA.01,1.225,0.207,4.221,0.453,8.037,0,0.337,4.705,3.315,2.443,MSS,NA,NA,NA,NA,NA,NA,NA,NA,NA,NA,COADREAD,NA,NA,NA,0.803466,0
TCGA.5M.AATE.01,0.955,0.073,4.225,0.473,7.438,0,0.655,1.979,2.692,1.492,MSS,39.42,0,26.61,1,76,M0,N0,T3,Stage IIA,NA,COAD,Ascending Colon,BLACK OR AFRICAN AMERICAN,Male,0.914847,1
TCGA.A6.2671.01,2.103,0.094,2.739,0.435,7.48,0.047,0.653,0.058,0.738,2.061,MSS,43.73,1,39.91,1,85,M1,N2,T3,Stage IV,NA,COAD,Sigmoid Colon,WHITE,Male,1.53359,1
TCGA.A6.2672.01,0.331,0.233,5.09,0.31,8.138,0,3.545,0.214,2.164,2.597,MSI-H,46.62,0,46.62,0,82,M0,N1,T3,Stage IIIB,422,COAD,NA,WHITE,Female,0.985538,1
TCGA.A6.2674.01,0.939,0.515,3.859,1.256,8.821,0,0.085,0.12,4.029,3.485,,43.73,0,40.05,1,71,M1,N2,T3,Stage IV,19,MACR,Sigmoid Colon,WHITE,Male,1.87842,1
TCGA.A6.2675.01,2.008,0.069,7.949,0.901,7.089,0,3.819,4.566,4.786,2.409,,43.4,0,43.4,0,78,MX,N0,T3,Stage IIA,NA,COAD,Sigmoid Colon,WHITE,Male,0.622293,0
TCGA.A6.2676.01,0.73,0.301,7.863,0.23,6.556,0,0.973,1.43,0,2.048,MSI-H,42.87,1,NA,NA,75,M0,N0,T4,Stage IIB,609,COAD,Cecum,WHITE,Female,0.78595,0
TCGA.A6.2677.01,1.562,0,4.589,0.284,8.82,0,2.112,4.829,3.984,1.996,,24.31,1,NA,NA,68,M0,N2,T3,Stage IIIC,56,COAD,Cecum,WHITE,Female,0.656245,0
TCGA.A6.2678.01,0.654,0.036,8.236,1.013,6.086,0,5.273,4.584,3.769,1.395,MSS,42.25,0,42.25,0,43,M0,N1,T3,Stage IIIB,62,COAD,Transverse Colon,WHITE,Female,0.219793,0
TCGA.A6.2679.01,0.353,0,7.106,0.077,6.644,0,3.611,1.14,3.072,1.011,MSS,44.88,0,44.88,0,73,NA,N0,T3,Stage IIB,NA,COAD,Ascending Colon,WHITE,Female,0.297906,0
TCGA.A6.2680.01,0.909,0.211,7.732,0.415,8.466,0,2.591,3.076,4.475,2.203,MSS,35.09,0,35.09,0,72,M0,N0,T3,Stage II,NA,COAD,Hepatic Flexure,BLACK OR AFRICAN AMERICAN,Female,0.655636,0
TCGA.A6.2681.01,2.619,0.101,6.923,0.462,7.471,0,3.167,1.697,2.239,2.025,MSS,45.57,0,37.78,1,73,M0,N0,T3,Stage IIA,NA,COAD,Cecum,WHITE,Female,1.075134,1
TCGA.A6.2682.01,0.906,0,6.041,0.602,8.525,0,3.037,3.178,3.864,2.287,MSS,13.93,1,12.52,1,70,M1,N1,T4b,Stage IV,NA,COAD,NA,WHITE,Male,0.760791,0
TCGA.A6.2683.01,1.032,0.111,6.091,0.056,6.409,0,2.025,0.371,2.911,2.421,MSI-L,16.56,1,9.86,1,57,M1,N0,T4,Stage IV,71,COAD,Ascending Colon,WHITE,Female,0.687283,0
TCGA.A6.2684.01,2.69,0.326,5.74,0.909,8.825,0,2.161,0.59,2.393,2.191,,37.02,0,32.06,1,75,M0,N0,T2,Stage I,NA,COAD,Cecum,WHITE,Female,1.757846,1
TCGA.A6.2685.01,3.137,0.143,7.786,0.965,7.975,0,0.34,2.845,4.174,3.04,MSS,37.22,0,31.14,1,48,M0,N0,T3,Stage IIA,NA,COAD,Sigmoid Colon,BLACK OR AFRICAN AMERICAN,Female,1.404016,1
TCGA.A6.2686.01,0.787,0.65,5.174,0.493,6.694,0.025,1.348,1.242,4.154,2.402,MSI-H,36.99,1,NA,NA,81,M0,N0,T3,Stage IIA,NA,COAD,Cecum,WHITE,Female,0.966692,1
TCGA.A6.3807.01,1.788,0.051,4.905,1.23,9.703,0,1.306,1.292,3.794,1.868,MSS,34.63,0,34.63,0,53,M0,N2,T3,Stage IIIC,70,COAD,Sigmoid Colon,WHITE,Female,1.69229,1
TCGA.A6.3808.01,1.936,0.047,7.261,0.896,6.544,0,2.767,0.68,2.116,2.212,MSI-L,33.31,0,33.31,0,73,M0,N0,T3,Stage IIA,98,COAD,Cecum,WHITE,Male,1.159428,1
TCGA.A6.3809.01,0.322,0.059,6.325,0.74,7.048,0,2.745,2.429,2.163,0.999,,32.72,0,32.72,0,71,M0,N0,T4,Stage IIB,NA,MACR,Transverse Colon,WHITE,Female,0.65266,0
TCGA.A6.3810.01,1.165,0.259,4.215,1.039,8.088,0,4.727,4.436,2.509,2.12,,36.5,0,36.5,0,62,M0,N0,T3,Stage IIA,95,COAD,Sigmoid Colon,WHITE,Male,0.950735,1
TCGA.A6.4105.01,0.739,0.198,6.507,0.936,6.997,0,2.805,3.39,3.703,2.06,MSS,14.52,1,11.96,1,79,M0,N0,T3,Stage IIA,NA,COAD,Ascending Colon,WHITE,Male,0.713988,0
TCGA.A6.4107.01,0.835,0.149,7.881,1.064,8.277,0.046,2.739,5.12,4.94,1.561,MSS,32.42,0,32.42,0,57,M0,N1b,T3,Stage IIIB,NA,COAD,Ascending Colon,WHITE,Female,0.636946,0
TCGA.A6.5656.01,2.104,0.218,2.212,1.917,5.858,0.031,0.649,2.676,5.786,1.414,,32.88,0,32.88,0,74,M0,N0,T2,Stage I,NA,COAD,Sigmoid Colon,WHITE,Male,1.490024,1
TCGA.A6.5657.01,2.816,0.133,4.198,1.282,7.998,0,0.199,0.661,1.249,2.407,MSS,31.6,0,31.6,0,65,M0,N1,T3,Stage IIIB,NA,COAD,NA,BLACK OR AFRICAN AMERICAN,Male,2.003883,1
TCGA.A6.5659.01,1.817,0.07,3.785,1.045,8.853,0,3.336,4.509,2.999,1.281,,30.42,0,30.42,0,82,M0,N0,T2,Stage I,NA,COAD,Cecum,WHITE,Male,1.111585,1
TCGA.A6.5660.01,0.854,0.074,3.202,0.62,7.442,0,0.263,2.038,3.61,1.469,MSS,29.17,0,29.17,0,73,M0,N2b,T3,Stage IIIC,NA,COAD,Cecum,BLACK OR AFRICAN AMERICAN,Male,0.970233,1
TCGA.A6.5661.01,0.447,0.21,8.229,0.456,7.796,0,2.539,2.394,4.441,1.465,MSI-H,33.51,0,33.51,0,80,M0,N0,T3,Stage IIA,NA,COAD,Ascending Colon,BLACK OR AFRICAN AMERICAN,Female,0.527055,0
TCGA.A6.5662.01,1.418,0.114,2.91,1.703,8.117,0,0.576,0.407,4.26,1.389,MSS,23.59,0,21.71,1,46,M1,N2,T3,Stage IVA,NA,COAD,Splenic Flexure,WHITE,Male,1.822091,1
TCGA.A6.5664.01,2.452,0.679,4.68,1.248,7.721,0,3.506,6.329,2.117,2.776,MSS,22.08,0,21.12,1,80,MX,N2a,T4a,Stage IIIC,NA,COAD,Cecum,BLACK OR AFRICAN AMERICAN,Male,1.232661,1
TCGA.A6.5665.01,0.441,0.165,7.958,0.301,7.187,0.029,1.786,2.457,3.368,1.118,MSI-H,22.04,0,17.38,1,84,M0,N0,T3,Stage IIA,NA,COAD,Ascending Colon,WHITE,Female,0.449151,0
TCGA.A6.5666.01,0.169,0.313,3.527,0.154,9.215,0,2.259,1.607,0.927,1.483,MSI-L,32.69,0,31.87,1,78,M0,N0,T4b,Stage IIC,NA,COAD,Sigmoid Colon,WHITE,Male,1.017628,1
TCGA.A6.5667.01,2.111,0.181,2.434,0.977,7.097,0,0.227,3.233,4.909,1.365,MSS,29.14,0,29.14,0,40,MX,N1a,T3,Stage IIIB,NA,COAD,Sigmoid Colon,WHITE,Female,1.170847,1
TCGA.A6.6137.01,2.097,0.076,6.284,0.696,7.614,0,5.154,5.538,5.672,2.014,MSS,27.07,0,27.07,0,55,M0,N1c,T3,Stage IIIB,NA,COAD,Hepatic Flexure,WHITE,Male,0.441481,0
TCGA.A6.6138.01,0.937,0.154,4.105,0.751,6.537,0,0.194,3.292,4.347,1.513,MSS,22.5,0,22.5,0,61,M0,N0,T2,Stage I,NA,COAD,Cecum,WHITE,Male,0.745913,0
TCGA.A6.6140.01,0.626,0.097,6.243,0.501,8.069,0,2.693,5.317,6.581,1.134,MSS,24.11,0,24.11,0,62,M0,N0,T3,Stage IIA,NA,COAD,Descending Colon,WHITE,Male,0.201823,0
TCGA.A6.6141.01,1.758,0.162,5.09,0.8,6.705,0,2.188,2.58,2.481,1.763,MSS,8.38,0,8.38,0,31,M0,N0,T3,Stage IIA,NA,COAD,Cecum,BLACK OR AFRICAN AMERICAN,Male,0.996337,1
TCGA.A6.6142.01,1.014,0.2,3.278,1.236,9.089,0,2.142,0.996,1.869,1.672,MSS,25.07,0,21.48,1,56,M1a,N1a,T3,Stage IVA,NA,COAD,Sigmoid Colon,WHITE,Female,1.672525,1
TCGA.A6.6648.01,1.004,0.06,8.45,0.355,6.495,0,4.022,5.526,5.047,1.763,MSS,25.16,0,22.54,1,56,M1a,N0,T3,Stage IVA,NA,COAD,NA,WHITE,Male,-0.0744849999999998,0
TCGA.A6.6649.01,2.608,0.215,9.061,1.159,7.957,0.143,4.511,4.625,6.171,3.031,MSS,24.15,0,24.15,0,66,M0,N1b,T3,Stage IIIB,NA,COAD,NA,WHITE,Male,0.96175,1
TCGA.A6.6650.01,0.891,0.076,6.105,0.394,7.586,0,1.253,3.43,5.654,1.011,,20.6,0,20.6,0,69,M0,N0,T3,Stage IIA,NA,COAD,NA,BLACK OR AFRICAN AMERICAN,Female,0.446603,0
TCGA.A6.6651.01,3.782,1.371,4.209,1.396,6.327,0.025,0.506,6.446,4.695,3.077,MSS,21.75,0,21.75,0,55,MX,N1b,T3,Stage IIIB,NA,COAD,Transverse Colon,WHITE,Female,1.589955,1
TCGA.A6.6652.01,0.948,0.177,1.88,0.959,8.38,0,0.18,0.893,2.354,1.379,MSS,24.67,0,24.67,0,59,M1,N0,T3,Stage IVA,NA,COAD,Sigmoid Colon,BLACK OR AFRICAN AMERICAN,Male,1.542714,1
TCGA.A6.6653.01,0.285,0.164,4.246,0.266,8.557,0,3.513,0.077,2.693,1.218,MSI-H,24.38,0,24.38,0,82,M0,N0,T2,Stage I,NA,COAD,Ascending Colon,WHITE,Male,0.938691,1
TCGA.A6.6654.01,2.351,0.763,4.821,0.803,7.725,0,2.423,1.934,2.294,2.511,MSS,23.85,0,23.85,0,65,M0,N1,T3,Stage IIIB,NA,COAD,Descending Colon,WHITE,Female,1.53176,1
TCGA.A6.6780.01,0.247,0.794,6.988,0.799,5.626,0,4.456,2.062,4.913,1.938,,20.11,0,20.11,0,74,MX,N0,T3,Stage IIA,NA,MACR,NA,WHITE,Male,0.542801,0
TCGA.A6.6781.01,0.727,0.284,6.904,1.499,7.042,0,4.043,0.127,1.533,2.154,,19.65,0,19.65,0,43,MX,N1b,T4b,Stage IIIC,NA,MACR,NA,WHITE,Male,1.416732,1
TCGA.A6.6782.01,1.456,0.087,3.294,0.245,6.876,0,0.786,1.975,4.068,1.976,MSS,20.27,0,20.27,0,82,MX,N0,T4a,Stage IIB,NA,COAD,NA,WHITE,Male,0.808924,0
TCGA.A6.A565.01,2.404,0.218,8.931,1.305,7.139,1.422,0.549,5.221,6.837,4.203,MSI-L,16.23,1,14.42,1,34,MX,N2,T3,Stage IIIC,NA,MACR,Transverse Colon,BLACK OR AFRICAN AMERICAN,Female,1.712725,1
TCGA.A6.A566.01,1.401,0.349,4.872,1.274,5.659,0,0.608,5.059,5.114,3.745,MSI-L,24.9,1,8.44,1,55,M0,N1,T4,Stage IIIB,NA,MACR,Descending Colon,BLACK OR AFRICAN AMERICAN,Female,0.855176,1
TCGA.A6.A567.01,1.323,0.145,4.412,1.356,8.36,0,1.532,1.622,1.815,2.136,MSS,61.79,1,35.12,1,56,M1,N1,T3,Stage IV,NA,COAD,Sigmoid Colon,BLACK OR AFRICAN AMERICAN,Male,1.613661,1
TCGA.A6.A56B.01,1.014,0.096,3.223,0.944,7.489,0,0.525,0.088,1.283,2.839,MSS,56.21,1,55.12,1,57,M0,N1,T3,Stage IIIB,NA,COAD,Sigmoid Colon,BLACK OR AFRICAN AMERICAN,Male,1.561637,1
TCGA.A6.A5ZU.01,0.754,0.188,2.005,1.087,8.085,0,0.584,0.072,1.935,3.076,MSS,9.63,0,9.63,0,59,M0,N1,T3,Stage IIIB,NA,COAD,Transverse Colon,BLACK OR AFRICAN AMERICAN,Male,1.71535,1
TCGA.AA.3488.01,0.736,0.038,4.929,0.329,6.941,0,0.182,0.254,4.299,1.434,MSS,5.03,1,NA,NA,58,M1,N2,T3,Stage IV,NA,COAD,Sigmoid Colon,NA,Male,0.829902,0
TCGA.AA.3489.01,2.258,0.194,3.332,1.462,5.935,0.025,2.244,1.022,2.762,3.587,MSS,7.03,1,NA,NA,75,M0,N0,T3,Stage II,NA,COAD,Sigmoid Colon,NA,Male,1.641018,1
TCGA.AA.3492.01,0.389,0.231,4.087,0.357,8.277,0,4.789,2.215,4.799,1.98,MSI-H,3.02,1,NA,NA,90,M0,N0,T3,Stage II,NA,COAD,Ascending Colon,NA,Female,0.628254,0
TCGA.AA.3494.01,1.095,0.033,5.198,0.823,6.631,0,0.729,2.315,2.588,1.444,MSS,1.02,0,1.02,0,55,M1,N0,T3,Stage IV,NA,COAD,Sigmoid Colon,NA,Male,0.912769,1
TCGA.AA.3495.01,0.91,0.042,8.154,0.636,7.815,0,0.204,4.486,5.792,1.287,MSS,37.02,0,37.02,0,79,M0,N0,T2,Stage I,NA,COAD,Hepatic Flexure,NA,Male,0.443947,0
TCGA.AA.3496.01,0.663,0.156,4.376,0.521,5.533,0,3.083,1.3,1.728,2.286,MSI-L,1.02,0,1.02,0,83,M0,N0,T3,Stage II,NA,COAD,Ascending Colon,NA,Female,0.714571,0
TCGA.AA.3502.01,0.334,0,3.681,0.362,7.203,0,0.723,0.992,0.961,1.257,MSI-L,34.99,0,34.99,0,73,M0,N0,T2,Stage I,NA,COAD,Transverse Colon,NA,Male,0.906379,1
TCGA.AA.3506.01,1.272,1.563,6.87,0.558,8.876,0,3.944,5.606,4.878,1.813,MSS,57.98,0,57.98,0,77,M0,N0,T2,Stage I,NA,COAD,Hepatic Flexure,NA,Male,0.890118,1
TCGA.AA.3509.01,0.717,0.509,5.671,1.214,5.848,0.052,0.765,5.67,5.878,1.751,MSS,62.91,0,62.91,0,54,M0,N0,T3,Stage II,NA,COAD,Sigmoid Colon,NA,Female,0.554751,0
TCGA.AA.3510.01,2.408,0.064,7.631,0.609,6.24,0,4.062,2.801,4.391,1.506,MSS,63.93,0,63.93,0,70,M0,N0,T3,Stage II,NA,COAD,Transverse Colon,NA,Male,0.607207,0
TCGA.AA.3511.01,1.295,0.212,6.95,0.608,6.33,0.042,2.349,3.87,4.673,1.456,MSS,6.96,0,1.94,1,64,M0,N0,T4,Stage II,NA,COAD,Sigmoid Colon,NA,Male,0.460392,0
TCGA.AA.3514.01,3.349,0.792,4.396,0.49,7.74,0,0.698,5.735,2.833,3.121,MSS,1.02,0,1.02,0,81,M0,N0,T2,Stage I,59,COAD,Ascending Colon,NA,Female,1.246919,1
TCGA.AA.3516.01,0.609,0.147,8.034,0.029,7.895,0,4.644,3.154,4.615,1.4,MSI-H,13.01,1,NA,NA,74,M0,N2,T3,Stage III,689,MACR,Ascending Colon,NA,Female,0.162998,0
TCGA.AA.3517.01,1.302,2.225,5.274,1.306,7.534,0.057,1.713,5.325,5.01,2.282,MSI-L,38.96,0,26.97,1,60,M0,N0,T3,Stage IIA,28,COAD,Splenic Flexure,NA,Male,1.512346,1
TCGA.AA.3518.01,0.413,0.187,6.922,0.32,7.558,0,2.014,1.079,1.107,1.984,MSI-H,1.02,0,1.02,0,81,M0,N0,T3,Stage IIA,431,COAD,Cecum,NA,Female,0.839139,0
TCGA.AA.3519.01,1.227,0.423,7.354,0.466,7.538,0,2.931,6.563,5.453,1.71,MSS,9.07,0,9.07,0,63,M0,N1,T3,Stage III,37,COAD,Sigmoid Colon,NA,Male,0.21408,0
TCGA.AA.3520.01,0.932,0.081,8.438,1.196,6.589,0,3.624,3.741,4.986,1.545,MSI-L,24.01,0,24.01,0,86,M0,N0,T3,Stage II,54,COAD,Ascending Colon,NA,Female,0.537991,0
TCGA.AA.3521.01,1.202,0,6.687,0.529,8.218,0,2.148,3.055,3.513,1.582,MSS,NA,0,NA,0,87,M0,N0,T3,Stage II,43,COAD,Sigmoid Colon,NA,Male,0.745557,0
TCGA.AA.3522.01,0.476,0,8.457,0.848,5.816,0,5.381,5,4.553,1.106,MSS,37.02,0,37.02,0,67,M0,N0,T3,Stage IIA,43,COAD,Ascending Colon,NA,Male,-0.0511080000000001,0
TCGA.AA.3524.01,0.489,0.099,5.911,0.278,8.464,0.144,2.469,2.979,4.55,0.53,MSS,36.01,0,36.01,0,85,M0,N0,T3,Stage II,38,COAD,Sigmoid Colon,NA,Male,0.553687,0
TCGA.AA.3525.01,0.48,0.039,9.116,0.338,7.302,0,5.801,4.315,5.07,1.262,MSI-H,8.05,0,8.05,0,90,M0,N1,T3,Stage IIIB,468,COAD,Hepatic Flexure,NA,Male,-0.074755,0
TCGA.AA.3526.01,0.933,0,5.283,0.667,7.354,0,4.583,4.462,3.193,1.385,MSI-L,19.05,0,19.05,0,57,M0,N0,T2,Stage I,45,COAD,Sigmoid Colon,NA,Male,0.447937,0
TCGA.AA.3527.01,3.084,0.209,3.415,0.453,9.601,0,0.949,0.736,2.284,2.41,MSS,0,0,0,0,90,M0,N0,T3,Stage IIA,66,COAD,Cecum,NA,Female,1.822859,1
TCGA.AA.3529.01,1.961,0.728,7.815,0.531,10.016,0,0.297,6.564,4.824,1.984,MSI-L,0,1,NA,NA,78,M0,N2,T3,Stage IIIC,44,COAD,Sigmoid Colon,NA,Female,0.934235,1
TCGA.AA.3530.01,1.78,0.042,5.156,0.693,7.085,0,3.027,4.732,3.824,1.526,MSS,19.05,0,19.05,0,80,M0,N0,T2,Stage I,69,COAD,Cecum,NA,Male,0.604028,0
TCGA.AA.3531.01,1.024,0.348,5.368,0.996,8.113,0,2.137,5.185,3.744,2.322,MSI-L,34,0,34,0,75,M0,N0,T3,Stage IIA,57,COAD,Sigmoid Colon,NA,Female,0.871196,1
TCGA.AA.3532.01,0.758,0.102,7.452,0.645,8.185,0,1.281,3.656,3.44,1.786,MSS,28.98,0,28.98,0,63,M0,N0,T3,Stage IIA,34,COAD,Sigmoid Colon,NA,Male,0.707508,0
TCGA.AA.3534.01,1.38,1.38,6.012,1.684,7.418,0,1.003,7.775,4.234,2.754,MSS,28.98,0,28.98,0,78,M0,N0,T3,Stage IIA,51,COAD,Ascending Colon,NA,Female,1.211497,1
TCGA.AA.3538.01,0.722,0.107,7.918,0.807,7.983,0,3.215,5.606,5.291,1.836,MSS,25.99,0,25.99,0,54,M0,N0,T2,Stage I,32,COAD,Descending Colon,NA,Female,0.340144,0
TCGA.AA.3542.01,1.682,0.266,4.05,0.23,6.331,0.061,0.199,1.041,5.016,1.045,MSS,12.98,0,12.98,0,69,M0,N2,T3,Stage IIIC,326,COAD,Sigmoid Colon,NA,Male,0.854483,1
TCGA.AA.3543.01,0.192,0.079,7.008,0.25,7.085,0,2.645,0.739,3.746,2.207,MSI-H,0.99,0,0.99,0,84,M0,N0,T2,Stage I,190,MACR,Cecum,NA,Male,0.554336,0
TCGA.AA.3544.01,0.525,0.081,5.777,0.722,6.929,0,1.395,1.25,4.804,1.917,MSS,13.99,0,13.99,0,68,M0,N0,T2,Stage I,46,COAD,Sigmoid Colon,NA,Male,0.794142,0
TCGA.AA.3548.01,0.999,0.179,7.559,0.52,7.376,0.555,4.939,1.709,3.069,1.365,MSS,33.97,0,33.97,0,71,M0,N2,T3,Stage IIIC,31,COAD,Cecum,NA,Female,0.9419,1
TCGA.AA.3549.01,0.852,0.035,5.586,0.15,8.163,0,0.645,0.78,3.451,1.589,MSS,20.99,0,20.99,0,69,M0,N0,T2,Stage I,51,COAD,Cecum,NA,Male,0.872114,1
TCGA.AA.3552.01,2.887,0.041,8.314,0.54,7.746,0,4.355,4.023,4.889,2.076,MSS,13.01,1,4.01,1,85,M0,N2,T3,Stage IIIC,44,COAD,Cecum,NA,Male,0.678396,0
TCGA.AA.3553.01,0.826,0.344,4.569,0.544,9.252,0,0.524,1.9,3.543,1.66,MSI-L,23.98,0,23.98,0,61,M0,N0,T2,Stage I,28,COAD,Sigmoid Colon,NA,Female,1.209623,1
TCGA.AA.3554.01,1.269,0.446,6.888,0.346,8.878,0,4.561,2.315,3.347,2.551,MSI-H,17.94,0,17.94,0,62,M0,N0,T3,Stage IIA,246,COAD,Ascending Colon,NA,Female,0.913558,1
TCGA.AA.3555.01,0.528,0.108,5.374,0.368,6.93,0,2.495,1.096,0.694,2.15,MSS,29.93,0,2.99,1,81,M0,N0,T3,Stage IIA,740,MACR,Hepatic Flexure,NA,Female,0.843685,1
TCGA.AA.3556.01,0.707,0,6.249,1.382,7.09,0.062,0.87,2.971,3.209,1.245,MSS,23,0,23,0,78,M0,N0,T2,Stage I,30,MACR,Sigmoid Colon,NA,Male,1.032422,1
TCGA.AA.3560.01,1.114,0.045,6.906,0.489,6.439,0,2.827,2.128,2.895,1.749,MSS,19.97,0,19.97,0,72,M0,N2,T3,Stage IIIC,48,COAD,Sigmoid Colon,NA,Female,0.595502,0
TCGA.AA.3561.01,0.36,0.034,4.426,0.168,5.647,0,2.028,3.175,3.382,1.239,MSS,13.93,0,13.93,0,72,M0,N0,T3,Stage IIA,37,COAD,Ascending Colon,NA,Male,0.169919,0
TCGA.AA.3562.01,1.004,0.036,7.89,0.521,7.745,0,3.71,4.598,4.775,1.797,MSS,19.97,0,19.97,0,82,M0,N2,T3,Stage IIIC,32,COAD,Descending Colon,NA,Male,0.315165,0
TCGA.AA.3655.01,0.511,0.042,3.785,0.502,7.073,0,0.419,1.242,4,2.071,MSS,60.97,0,60.97,0,68,M0,N0,T3,Stage II,NA,COAD,Sigmoid Colon,NA,Male,0.86701,1
TCGA.AA.3660.01,1.144,0.376,6.844,0.382,6.643,0,1.209,3.722,4.939,1.808,MSS,78.02,0,78.02,0,51,M0,N0,T3,Stage II,NA,COAD,Sigmoid Colon,NA,Female,0.470584,0
TCGA.AA.3662.01,0.735,0.087,5.666,0.584,7.195,0,1.597,2.783,4.149,2.648,MSS,6.04,0,6.04,0,80,M1,N2,T4,Stage IV,NA,COAD,Sigmoid Colon,NA,Female,0.701537,0
TCGA.AA.3663.01,0.168,0.043,7.329,0.266,6.794,0,1.957,0.658,3.165,1.51,MSI-H,6.96,0,6.96,0,42,M0,N0,T3,Stage II,NA,COAD,Cecum,NA,Male,0.52902,0
TCGA.AA.3664.01,0.68,0.106,5.252,0.329,7.456,0,1.74,1.301,2.213,1.701,MSS,53.98,0,53.98,0,74,M0,N0,T3,Stage II,125,COAD,Cecum,NA,Female,0.832684,0
TCGA.AA.3666.01,0.468,0.045,4.974,0.132,6.538,0,1.206,1.661,4.165,1.092,MSS,2,1,NA,NA,68,M0,N1,T3,Stage III,128,COAD,Cecum,NA,Male,0.424926,0
TCGA.AA.3667.01,1.111,0.111,3.475,0.41,8.177,0,1.219,2.729,3.636,2.019,MSI-L,13.99,0,13.99,0,36,M0,N0,T2,Stage I,58,COAD,Sigmoid Colon,NA,Female,0.920568,1
TCGA.AA.3672.01,1.667,0.468,6.726,0.156,8.562,0,1.466,0.88,1.244,2.048,MSI-H,0.92,0,0.92,0,90,M0,N1,T3,Stage III,1355,COAD,Transverse Colon,NA,Female,1.242681,1
TCGA.AA.3673.01,0.642,0.177,5.514,0.907,6.372,0,1.287,2.555,3.951,1.73,MSS,50,0,50,0,53,M0,N0,T3,Stage II,65,COAD,Transverse Colon,NA,Female,0.763525,0
TCGA.AA.3675.01,0.588,0.063,6.049,0.995,6.565,0,2.208,2.42,1.863,1.317,MSS,47.01,0,47.01,0,84,M0,N0,T3,Stage II,NA,COAD,Hepatic Flexure,NA,Male,0.826652,0
TCGA.AA.3678.01,1.474,0.272,6.327,1.435,7.605,0,1.281,6.506,5.669,1.779,MSS,46.98,0,46.98,0,60,M0,N1,T2,Stage III,60,COAD,Sigmoid Colon,NA,Female,0.795505,0
TCGA.AA.3679.01,0.653,0.432,6.882,0.363,7.548,0,3.1,3.51,5.285,1.518,MSS,15.01,0,15.01,0,59,M1,N2,T3,Stage IV,55,COAD,Descending Colon,NA,Male,0.414707,0
TCGA.AA.3680.01,1.04,0.101,6.02,1.287,6.188,0,5.683,2.973,2.415,1.699,MSI-L,11.01,1,NA,NA,67,M1,N2,T4,Stage IV,91,COAD,Cecum,NA,Female,0.781475,0
TCGA.AA.3681.01,1.023,0.149,7.941,0.838,9.518,0.076,4.101,3.83,3.892,1.652,MSS,5.98,0,5.98,0,77,M0,N1,T3,Stage III,94,COAD,Cecum,NA,Female,0.878015,1
TCGA.AA.3684.01,2.647,0.343,8.302,0.894,8.808,0.155,3.109,3.166,4.86,2.791,MSS,0,0,0,0,65,M1,N2,T4,Stage IV,93,MACR,Cecum,NA,Female,1.306211,1
TCGA.AA.3685.01,0.344,0.238,6.914,0.572,7.089,0,2.084,5.827,5.562,0.929,MSS,37.02,0,37.02,0,69,M0,N0,T3,Stage II,63,COAD,Sigmoid Colon,NA,Male,0.086961,0
TCGA.AA.3688.01,0.907,0.033,4.889,0.371,7.177,0,3.057,3.322,4.197,1.398,MSI-L,18.99,0,18.99,0,80,M1,N1,T3,Stage IV,52,COAD,Sigmoid Colon,NA,Male,0.446988,0
TCGA.AA.3692.01,1,0.361,6.61,0.657,5.964,0,5.542,3.197,3.262,1.74,MSI-L,35.97,1,13.01,1,47,M1,N2,T3,Stage IV,52,MACR,Splenic Flexure,NA,Female,0.438636,0
TCGA.AA.3693.01,1.005,0.053,2.537,0.388,6.8,0,0.518,3.587,3.905,1.039,MSS,0,0,0,0,77,M1,N1,T4,Stage IV,110,COAD,Sigmoid Colon,NA,Female,0.601158,0
TCGA.AA.3696.01,0.806,0.226,5.032,1.92,5.561,0,2.82,2.847,4.182,2.387,MSS,5.03,1,NA,NA,75,M1,N1,T3,Stage IV,74,COAD,Sigmoid Colon,NA,Female,1.123409,1
TCGA.AA.3697.01,0.984,0.097,6.661,0.378,8.361,0,1.607,4.463,4.549,1.99,MSI-L,84.99,0,84.99,0,77,M0,N0,T3,Stage II,NA,COAD,Sigmoid Colon,NA,Male,0.521857,0
TCGA.AA.3710.01,0.844,0.095,7.826,0.237,7.303,0,1.782,3.362,4.44,2.215,MSI-H,26.97,0,26.97,0,80,M0,N0,T3,Stage IIA,962,COAD,Hepatic Flexure,NA,Female,0.376953,0
TCGA.AA.3712.01,0.513,0.072,5.82,0.608,8.125,0.08,3.874,3.569,4.848,1.765,MSS,0,0,0,0,65,M0,N2,T3,Stage III,NA,COAD,Descending Colon,NA,Male,0.555334,0
TCGA.AA.3713.01,1.091,0.071,9.016,0.849,8.011,0.177,2.367,5.448,5.471,2.162,MSI-H,19.02,0,19.02,0,68,M1,N0,T3,Stage IV,NA,COAD,Ascending Colon,NA,Male,0.531652,0
TCGA.AA.3715.01,1.193,0.305,5.72,0.197,8.937,0,3.003,0.364,1.116,2.742,MSI-H,19.02,1,5.03,1,77,M0,N0,T3,Stage II,1472,COAD,Ascending Colon,NA,Male,1.252359,1
TCGA.AA.3811.01,1.164,0.082,8.084,0.547,8.721,0,3.709,4.18,4.019,2.349,MSI-H,10.05,1,NA,NA,84,M0,N2,T3,Stage III,806,COAD,Hepatic Flexure,NA,Female,0.60418,0
TCGA.AA.3812.01,2.88,1.476,8.202,1.28,9.827,0,2.916,3.174,3.537,2.927,MSS,35.02,0,25.03,1,82,M0,N0,T3,Stage IIA,80,COAD,Sigmoid Colon,NA,Female,2.002697,1
TCGA.AA.3814.01,0.904,0.562,7.911,0.971,7.398,0,3.876,4.314,5.311,1.407,MSS,0,0,0,0,85,M0,N0,T3,Stage IIA,78,COAD,Ascending Colon,NA,Female,0.595271,0
TCGA.AA.3815.01,0.773,0.043,5.048,0.422,7.826,2.004,2.701,3.776,2.942,1.783,MSI-H,33.02,0,33.02,0,65,M0,N0,T3,Stage IIA,NA,COAD,Cecum,NA,Female,1.642086,1
TCGA.AA.3818.01,0.745,0.09,6.329,0.401,6.974,0,2.005,5.53,4.737,1.358,MSS,0.99,1,NA,NA,78,M0,N0,T3,Stage IIA,102,COAD,Hepatic Flexure,NA,Female,0.141467,0
TCGA.AA.3819.01,1.202,0.478,7.386,0.584,6.846,0,3.921,4.162,5.12,1.849,MSI-L,25,0,25,0,41,M0,N0,T3,Stage IIA,137,COAD,Sigmoid Colon,NA,Female,0.434575,0
TCGA.AA.3821.01,0.608,0.565,5.205,0.281,6.809,0,2.711,0.815,3.228,2.889,MSI-H,1.02,0,1.02,0,81,M0,N0,T2,Stage I,630,MACR,Hepatic Flexure,NA,Female,0.870539,1
TCGA.AA.3831.01,3.237,0,4.796,0.597,6.862,0,3.819,7.024,4.002,2.068,MSS,17.97,0,17.97,0,66,M0,N0,T3,Stage IIA,94,COAD,Sigmoid Colon,NA,Male,0.515124,0
TCGA.AA.3833.01,1.322,0.116,8.882,0.394,8.88,0.115,0.948,4.803,5.15,1.833,MSI-H,15.93,0,15.93,0,63,M0,N0,T3,Stage IIA,380,COAD,Ascending Colon,NA,Female,0.588263,0
TCGA.AA.3837.01,1.401,0,7.259,0.805,6.464,0,3.757,2.923,4.634,1.994,MSS,38.96,0,38.96,0,67,M0,N0,T3,Stage IIA,105,MACR,Hepatic Flexure,NA,Male,0.565349,0
TCGA.AA.3841.01,1.21,0.293,6.107,0.418,7.278,0,1.368,1.404,3.78,2.457,MSS,36.93,0,36.93,0,66,M0,N0,T3,Stage IIA,NA,COAD,Sigmoid Colon,NA,Male,0.929803,1
TCGA.AA.3842.01,0.621,0.292,3.845,0.93,7.489,0.093,2.292,1.57,4.067,1.02,MSS,36.99,0,13.01,1,51,M0,N1,T2,Stage IIIA,56,COAD,Sigmoid Colon,NA,Male,1.084018,1
TCGA.AA.3844.01,0.64,0.069,6.211,1.181,5.345,0,1.363,2.636,3.635,1.473,MSS,14.91,0,11.99,1,78,M0,N2,T3,Stage IIIC,85,COAD,Sigmoid Colon,NA,Female,0.690355,0
TCGA.AA.3845.01,0.706,0.096,8.526,0.36,9.568,0,5.197,4.889,4.373,1.668,MSI-H,0,1,NA,NA,86,M0,N0,T3,Stage IIA,657,COAD,Ascending Colon,NA,Female,0.333637,0
TCGA.AA.3846.01,0.22,0,6.621,0.37,7.021,0,3.351,3.616,4.115,1.691,MSS,17.02,0,17.02,0,74,M0,N0,T3,Stage IIA,69,COAD,Sigmoid Colon,NA,Female,0.204491,0
TCGA.AA.3848.01,0.992,0.099,4.766,0.485,7.707,0,0.789,1.77,1.826,3.026,MSS,10.05,1,NA,NA,82,M0,N2,T3,Stage IIIC,105,COAD,Sigmoid Colon,NA,Female,1.093572,1
TCGA.AA.3850.01,2.472,0,7.619,0.579,6.609,0,6.72,5.178,4.755,2.422,MSS,0,1,NA,NA,74,M0,N0,T2,Stage I,77,COAD,Transverse Colon,NA,Male,0.283446,0
TCGA.AA.3851.01,0.426,0.176,9.074,1.373,6.803,0,4.86,4.191,5.044,1.709,MSS,33.05,0,33.05,0,74,M0,N0,T3,Stage IIA,71,COAD,Ascending Colon,NA,Male,0.466585,0
TCGA.AA.3852.01,0.355,0.083,5.292,1.174,7.497,0,2.542,0.571,0.909,2.202,MSI-L,0,1,NA,NA,88,M0,N0,T3,Stage IIA,110,MACR,Transverse Colon,NA,Male,1.3148,1
TCGA.AA.3854.01,0.364,0,4.184,1.284,7.931,0,2.563,1.313,1.469,1.135,MSI-L,36.01,0,36.01,0,71,M0,N0,T2,Stage I,109,MACR,Sigmoid Colon,NA,Female,1.275078,1
TCGA.AA.3855.01,3.153,0.121,7.068,1.007,7.859,0,0.786,5.529,5.592,2.123,MSI-L,32.03,0,32.03,0,72,M0,N0,T2,Stage I,105,COAD,Sigmoid Colon,NA,Male,0.99455,1
TCGA.AA.3856.01,1.861,0.163,7.445,0.531,8.574,0,2.016,2.672,4.134,1.867,MSS,0.99,0,0.99,0,59,M0,N0,T3,Stage IIA,49,COAD,Sigmoid Colon,NA,Male,0.95668,1
TCGA.AA.3858.01,1.031,0,6.06,0.491,6.844,0,0.699,2.283,3.076,1.479,MSS,31.04,0,31.04,0,67,M0,N0,T2,Stage I,44,COAD,Sigmoid Colon,NA,Male,0.709632,0
TCGA.AA.3860.01,1.228,0.112,6.178,0.752,8.421,0,1.023,3.344,5.807,2.582,MSS,31.04,0,31.04,0,53,M0,N1,T3,Stage IIIB,34,COAD,Sigmoid Colon,NA,Female,0.889122,1
TCGA.AA.3861.01,0.349,0,7.281,0.654,6.024,0,4.098,3.605,4.194,0.616,MSI-L,30.03,0,30.03,0,72,M0,N0,T3,Stage IIA,NA,COAD,Cecum,NA,Male,0.111082,0
TCGA.AA.3862.01,0.448,0,7.573,0.267,5.373,0,4.915,4.095,5.121,1.17,MSS,30.03,0,30.03,0,82,M0,N0,T3,Stage IIA,NA,COAD,Transverse Colon,NA,Male,-0.261625,0
TCGA.AA.3864.01,0.499,0.08,6.35,0.468,6.812,0,5.012,2.75,3.022,1.736,MSI-H,52.96,0,52.96,0,71,M0,N0,T3,Stage II,1936,COAD,Cecum,NA,Male,0.385897,0
TCGA.AA.3866.01,2.553,0.121,7.133,0.409,7.684,0,2.786,5.088,2.929,1.862,MSI-L,17.02,0,17.02,0,78,M0,N0,T2,Stage I,90,COAD,Cecum,NA,Female,0.663534,0
TCGA.AA.3867.01,1.822,0.045,6.938,0.532,8.918,0,4.029,4.055,4.492,1.598,MSS,24.01,0,12.94,1,74,M1,N2,T3,Stage IV,80,COAD,Sigmoid Colon,NA,Male,0.704697,0
TCGA.AA.3869.01,0.785,0.134,5.545,0.893,7.567,0,4.136,3.124,4.492,2.686,MSS,27,1,NA,NA,76,M1,N2,T4,Stage IV,60,COAD,Cecum,NA,Male,0.756991,0
TCGA.AA.3870.01,1.331,0.038,6.418,0.597,10.816,0,1.273,2.444,2.475,1.493,MSS,29.96,0,29.96,0,71,M1,N2,T3,Stage IV,95,COAD,Ascending Colon,NA,Female,1.317998,1
TCGA.AA.3872.01,2.312,0.031,6.217,0.787,9.163,0,1.05,1.063,4.306,3.024,MSS,0,0,0,0,45,M1,N2,T4,Stage IV,46,COAD,Sigmoid Colon,NA,Male,1.516796,1
TCGA.AA.3875.01,0.835,0,8.001,0.434,6.249,0,3.758,4.773,5.614,1.916,MSS,18.04,0,18.04,0,78,M0,N0,T1,Stage I,100,COAD,Ascending Colon,NA,Female,-0.024985,0
TCGA.AA.3877.01,0.629,0,6.012,0.457,6.992,0,3.066,0.611,1.066,2.736,MSI-H,30.98,0,30.98,0,83,M0,N0,T1,Stage I,765,MACR,Transverse Colon,NA,Female,0.894965,1
TCGA.AA.3930.01,0.444,0.054,7.094,0.296,7.888,0.154,3.792,3.183,5.024,1.525,MSI-L,2,1,NA,NA,66,M1,N2,T3,Stage IV,114,COAD,Ascending Colon,NA,Male,0.372044,0
TCGA.AA.3939.01,0.147,0.422,6.807,0.745,6.55,0,4.066,3.276,5.074,1.001,MSS,12.98,0,12.98,0,83,M0,N0,T3,Stage IIA,101,COAD,Ascending Colon,NA,Male,0.343572,0
TCGA.AA.3941.01,0.527,0.036,6.256,0.623,8.769,0,2.682,2.339,4.212,1.693,MSI-L,23.98,0,23.98,0,84,M1a,N1b,T4,Stage IVA,94,COAD,Ascending Colon,NA,Female,0.797476,0
TCGA.AA.3947.01,0.1,0.08,7.014,0.277,5.868,0,2.114,0.5,0.419,1.016,MSI-H,32.98,0,32.98,0,60,M0,N0,T4,Stage IIB,1220,MACR,Ascending Colon,NA,Female,0.55078,0
TCGA.AA.3949.01,0.907,0.055,4.441,0.458,6.482,0,0.915,0,0.939,1.351,MSI-H,25.99,0,25.99,0,87,M0,N1,T3,Stage IIIB,654,MACR,Ascending Colon,NA,Female,1.049983,1
TCGA.AA.3950.01,0.133,0.28,3.588,0.349,6.951,0,4.783,0.691,1.295,1.236,MSI-H,23.98,0,23.98,0,79,M0,N0,T3,Stage IIA,NA,MACR,Ascending Colon,NA,Female,0.750261,0
TCGA.AA.3952.01,0.504,0.413,8.268,0.287,6.731,0,4.353,0.8,5.536,2.238,MSS,2,1,NA,NA,68,M0,N2,T3,Stage IIIC,64,COAD,Descending Colon,NA,Male,0.45363,0
TCGA.AA.3955.01,0.821,0.258,5.434,0.717,7.572,0,2.808,3.481,4.562,0.903,MSS,20.96,0,20.96,0,38,M0,N2a,T2,Stage IIIB,98,COAD,Descending Colon,NA,Male,0.641451,0
TCGA.AA.3956.01,1.334,0.191,8.986,0.562,7.264,0,4.406,4.505,5.732,1.851,MSS,34,0,34,0,65,M0,N0,T3,Stage IIA,109,COAD,Cecum,NA,Male,0.263648,0
TCGA.AA.3966.01,0.517,0.174,4.545,0.484,6.758,0,0.522,0.257,1.262,2.197,MSI-H,2,0,2,0,89,M0,N0,T3,Stage IIA,895,MACR,Hepatic Flexure,NA,Female,1.080278,1
TCGA.AA.3968.01,0.991,0.041,6.436,0.674,7.21,0,2.77,3.976,4.334,2.169,MSS,21.98,0,21.98,0,55,M0,N0,T2,Stage I,NA,COAD,Sigmoid Colon,NA,Female,0.527575,0
TCGA.AA.3970.01,1.318,0.174,7.937,0.1,5.788,0,3.487,4.938,4.78,2.069,MSS,36.01,0,36.01,0,65,M0,N0,T3,Stage IIA,NA,COAD,Sigmoid Colon,NA,Male,-0.061474,0
TCGA.AA.3971.01,1.15,0.042,8.67,0.855,7.122,0,3.654,5.141,5.342,1.711,MSS,16.06,0,16.06,0,58,M0,N1,T3,Stage III,60,COAD,Sigmoid Colon,NA,Male,0.2978,0
TCGA.AA.3972.01,0.451,0.036,5.703,0.317,7.353,0,1.197,1.511,2.717,1.406,MSI-L,50.95,0,39.95,1,72,M1,N1,T3,Stage IV,83,COAD,Sigmoid Colon,NA,Male,0.69489,0
TCGA.AA.3973.01,1.329,0.083,2.583,1.028,6.176,0,4.108,0.405,2.177,2.572,MSI-L,13.04,0,13.04,0,69,M1,N1,T4,Stage IV,68,COAD,Sigmoid Colon,NA,Male,1.24824,1
TCGA.AA.3975.01,1.313,0.179,7.075,0.824,7.458,0,2.337,2.893,4.17,2.099,MSS,34.03,0,34.03,0,80,M0,N0,T2,Stage I,99,COAD,Sigmoid Colon,NA,Male,0.846183,1
TCGA.AA.3976.01,0.919,0,6.174,0.707,8.119,0,2.697,3.489,4.618,0.986,MSS,25.99,0,25.99,0,70,M0,N1,T2,Stage IIIA,68,COAD,Sigmoid Colon,NA,Male,0.626275,0
TCGA.AA.3977.01,0.359,0,7.511,0.774,6.361,0,4.478,1.087,3.168,1.061,MSS,25,0,25,0,65,NA,N0,T2,NA,2920,COAD,Sigmoid Colon,NA,Male,0.542371,0
TCGA.AA.3979.01,0.732,0,5.071,0.229,8.581,0,2.001,2.573,4.902,0.86,MSS,23.98,0,23.98,0,84,M0,N0,T3,Stage IIA,115,COAD,Sigmoid Colon,NA,Male,0.580443,0
TCGA.AA.3980.01,1.005,0.126,6.105,0.288,5.257,0.094,2.051,2.358,2.524,1.551,MSS,27,0,27,0,89,M0,N0,T2,Stage I,81,COAD,Sigmoid Colon,NA,Female,0.449126,0
TCGA.AA.3982.01,1.112,0.226,7.011,0.69,6.383,0.059,0.52,4.329,4.898,0.958,MSI-L,27,0,27,0,75,M0,N1,T3,Stage IIIB,85,COAD,Sigmoid Colon,NA,Male,0.478661,0
TCGA.AA.3984.01,1.875,0,5.07,0.402,8.118,0,2.451,2.682,4.581,1.677,MSS,0,0,0,0,61,M0,N0,T3,Stage IIA,3190,COAD,Sigmoid Colon,NA,Female,0.828486,0
TCGA.AA.3986.01,2.613,0.225,6.277,0.994,8.027,0,3.278,7.627,3.772,2.018,MSS,19.05,0,19.05,0,73,M0,N0,T2,Stage I,59,COAD,Transverse Colon,NA,Male,0.724425,0
TCGA.AA.3989.01,1.03,0.115,4.671,0.694,7.244,0,4.127,2.664,3.348,1.579,MSS,7.95,1,NA,NA,84,M1,N2,T3,Stage IV,97,COAD,Transverse Colon,NA,Male,0.741554,0
TCGA.AA.3994.01,0.662,0.145,3.632,0.259,9.701,0.108,2.749,1.346,1.677,1.246,MSS,27,0,27,0,69,M0,N1,T3,Stage IIIB,143,MACR,Transverse Colon,NA,Male,1.17507,1
TCGA.AA.A004.01,1.313,0,6.083,0.961,6.588,0,0.388,3.196,2.968,3.449,MSI-L,13.93,0,13.93,0,76,M0,N0,T3,Stage IIA,55,COAD,Sigmoid Colon,NA,Male,0.973266,1
TCGA.AA.A00A.01,0.717,0.036,7.134,0.341,5.624,0,1.076,0.552,3.104,2.017,MSI-H,38.01,0,38.01,0,80,M0,N0,T3,Stage IIA,335,COAD,Ascending Colon,NA,Male,0.593829,0
TCGA.AA.A00D.01,0.356,0.161,2.655,1.61,7.382,0,0.203,0.148,3.038,1.99,MSS,18.99,0,18.99,0,70,M0,N0,T2,Stage I,55,COAD,Ascending Colon,NA,Male,1.662848,1
TCGA.AA.A00E.01,0.613,0,7.386,0.81,6.967,0,2.001,2.526,4.393,1.969,MSI-H,29.99,0,29.99,0,65,M0,N0,T3,Stage IIA,476,COAD,Ascending Colon,NA,Male,0.626217,0
TCGA.AA.A00F.01,0.955,0.492,7.498,0.448,6.73,0,1.411,3.911,5.061,1.751,MSS,34,0,34,0,66,M0,N2,T3,Stage IIIC,31,COAD,Sigmoid Colon,NA,Male,0.449996,0
TCGA.AA.A00J.01,0.495,0.176,6.533,0.325,6.122,0,1.87,0.854,1.59,2.048,MSI-H,18.04,0,18.04,0,80,M0,N1,T4,Stage IIIB,876,MACR,Ascending Colon,NA,Male,0.689096,0
TCGA.AA.A00K.01,1.718,0.078,3.489,0.786,6.468,0,1.611,3.354,5.038,1.922,MSI-L,18.04,0,18.04,0,79,M0,N0,T3,Stage IIA,96,COAD,Sigmoid Colon,NA,Male,0.805896,0
TCGA.AA.A00L.01,0.718,0.038,4.905,0.138,6.624,0,0,2.962,4.304,1.737,MSS,38.01,0,38.01,0,66,M0,N0,T3,Stage IIA,46,COAD,Transverse Colon,NA,Male,0.421693,0
TCGA.AA.A00N.01,0.461,0.042,7.587,1.125,6.911,0,4.926,1.669,2.578,2,MSI-L,4.01,1,NA,NA,75,M0,N0,T4,Stage IIB,3505,MACR,Cecum,NA,Male,0.805733,0
TCGA.AA.A00O.01,1.787,0.261,4.494,0.619,7.012,0,0.325,5.798,1.615,3.214,MSI-L,27,0,27,0,83,M0,N2,T3,Stage IIIC,62,COAD,Sigmoid Colon,NA,Female,0.861006,1
TCGA.AA.A00Q.01,0.746,0.206,4.525,1.559,6.409,0,0.258,4.828,3.95,1.814,MSS,41.98,0,41.98,0,66,M0,N1,T4,Stage IIIB,25,COAD,Sigmoid Colon,NA,Female,0.944676,1
TCGA.AA.A00R.01,0.666,0.121,2.771,0.284,5.973,0,2.191,0.615,1.145,2.087,MSI-H,0.99,0,0.99,0,64,M0,N0,T2,Stage I,303,COAD,Cecum,NA,Female,0.847283,1
TCGA.AA.A00U.01,0.976,0,4.807,0.317,8.029,0,1.383,0.585,2.476,1.289,MSS,17.02,0,17.02,0,50,M0,N1,T3,Stage IIIB,67,COAD,Ascending Colon,NA,Male,0.998335,1
TCGA.AA.A00W.01,1.284,0,4.544,0.422,6.58,0.059,1.16,5.383,3.702,1.388,MSS,14.98,0,14.98,0,80,M0,N0,T1,Stage I,23,COAD,Sigmoid Colon,NA,Male,0.377097,0
TCGA.AA.A00Z.01,1.108,0.076,5.419,0.645,7.268,0,1.648,5.848,4.789,1.935,MSS,21.98,0,21.98,0,70,M0,N0,T3,Stage IIA,29,COAD,Sigmoid Colon,NA,Male,0.399837,0
TCGA.AA.A010.01,0.815,0.202,6.397,0.154,6.214,0,3.27,3.051,1.229,1.873,MSI-L,34.95,0,34.95,0,46,M0,N0,T4,Stage IIB,6560,COAD,Transverse Colon,NA,Female,0.392712,0
TCGA.AA.A017.01,1.208,0.121,2.099,0.575,6.381,0,0.74,1.484,3.985,1.643,MSS,15.01,0,15.01,0,57,M0,N0,T3,Stage IIA,49,COAD,Sigmoid Colon,NA,Female,0.95727,1
TCGA.AA.A01C.01,1.205,0,3.734,0.353,7.63,0.109,0.962,2.769,3.299,2.108,MSS,15.01,0,15.01,0,75,M0,N1,T2,Stage IIIA,NA,COAD,Ascending Colon,NA,Male,0.882462,1
TCGA.AA.A01D.01,2.047,0,7.481,0.832,7.374,0.055,0.679,2.003,2.913,2.37,MSS,10.97,1,6.01,1,47,M0,N2,T3,Stage IIIC,121,MACR,Sigmoid Colon,NA,Female,1.179112,1
TCGA.AA.A01F.01,0.178,0.033,1.405,0.165,6.381,0,0.161,0.421,3.845,1.212,MSS,32,0,32,0,72,M0,N1,T3,Stage IIIB,48,COAD,Sigmoid Colon,NA,Male,0.712105,0
TCGA.AA.A01G.01,0.561,0.041,7.262,0.796,6.955,0,1.268,3.293,4.848,1.231,MSI-L,11.99,0,11.99,0,63,M0,N0,T3,Stage IIA,50,MACR,Cecum,NA,Male,0.510978,0
TCGA.AA.A01I.01,0.37,0.186,5.799,0.681,6.32,0.036,1.572,5.68,4.36,1.216,MSS,30.98,0,30.98,0,76,M0,N0,T2,Stage I,81,COAD,Sigmoid Colon,NA,Male,0.207057,0
TCGA.AA.A01K.01,0.917,0.393,4.662,1.142,7.75,0,1.584,1.1,3.811,1.864,MSS,30.98,0,30.98,0,74,M0,N2,T3,Stage IIIC,119,COAD,Sigmoid Colon,NA,Female,1.361411,1
TCGA.AA.A01P.01,1.712,0.14,3.623,0.597,7.864,0,0.54,0.301,0.54,2.817,MSI-H,38.04,1,25.03,1,80,M0,N1,T3,Stage III,385,COAD,Ascending Colon,NA,Female,1.577023,1
TCGA.AA.A01Q.01,0.36,0.061,5.929,0.234,4.694,0,2.304,0.435,1.477,1.895,MSI-H,1.02,0,1.02,0,48,M0,N0,T3,Stage II,599,COAD,Ascending Colon,NA,Female,0.449277,0
TCGA.AA.A01R.01,0.303,0.673,4.407,0.127,8.635,0,0,0,0.372,1.707,MSI-H,34.99,0,19.97,1,47,M0,N2,T3,Stage III,1227,MACR,Ascending Colon,NA,Male,1.342879,1
TCGA.AA.A01S.01,1.262,0.032,6.024,0.241,8.007,0,2.117,0.648,4.223,1.335,MSI-L,1.02,0,1.02,0,47,M0,N1,T3,Stage III,44,COAD,Sigmoid Colon,NA,Female,0.84238,1
TCGA.AA.A01T.01,0.218,0,4.331,0.133,6.617,0,1.372,1.869,3.704,1.521,MSS,33.02,0,33.02,0,63,M0,N1,T3,Stage III,74,COAD,Sigmoid Colon,NA,Female,0.421136,0
TCGA.AA.A01V.01,1.039,0.065,5.013,0.387,6.978,0,1.929,0.703,1.541,1.467,MSS,1.02,0,1.02,0,59,M0,N0,T2,Stage I,92,COAD,Cecum,NA,Male,0.936631,1
TCGA.AA.A01X.01,1.922,0.147,4.927,3.262,7.081,0,1.518,1.828,1.93,2.184,MSS,25.99,0,25.99,1,80,M0,N1,T2,Stage III,47,COAD,Sigmoid Colon,NA,Female,2.41208,1
TCGA.AA.A01Z.01,0.489,0.075,7.634,0.332,6.287,0,1.815,1.085,2.402,1.064,MSS,36.99,0,36.99,1,68,M0,N0,T3,Stage II,77,COAD,Ascending Colon,NA,Male,0.522077,0
TCGA.AA.A022.01,0.442,0.205,6.168,0.51,5.09,0,1.082,0.525,1.118,3.088,MSI-H,0,0,0,0,88,M0,N0,T4,Stage II,902,COAD,Cecum,NA,Female,0.80791,0
TCGA.AA.A024.01,0.301,0,6.874,0.37,6.8,0,2.376,1.864,2.215,1.778,MSI-L,39.03,1,NA,NA,81,M0,N0,T3,Stage II,58,MACR,Descending Colon,NA,Male,0.519779,0
TCGA.AA.A029.01,0.997,0,6.591,0.344,7.756,0,2.488,0.58,4.933,1.25,MSI-L,51.94,0,51.94,0,67,M0,N0,T3,Stage II,82,COAD,Cecum,NA,Male,0.730436,0
TCGA.AA.A02E.01,3.077,0.04,3.471,0.506,8.531,0,3.976,1.858,2.422,1.75,MSI-L,2.96,1,NA,NA,82,M1,N1,T3,Stage IV,NA,COAD,Cecum,NA,Female,1.352385,1
TCGA.AA.A02F.01,0.4,0,4.677,0.683,7.097,0,1.968,1.465,2.426,2.689,MSS,39.95,0,39.95,0,68,M1,N1,T3,Stage IV,45,COAD,Sigmoid Colon,NA,Female,0.910956,1
TCGA.AA.A02H.01,0.858,0,4.89,0.311,6.162,0,3.106,4.403,4.112,1.643,MSS,2,1,NA,NA,74,M1,N2,T3,Stage IV,57,COAD,Sigmoid Colon,NA,Female,0.16378,0
TCGA.AA.A02J.01,0.312,0.067,4.887,0.342,8.399,0,0.741,3.425,4.231,1.144,MSS,5.03,1,NA,NA,70,M1,N0,T3,Stage IV,104,COAD,Sigmoid Colon,NA,Female,0.577811,0
TCGA.AA.A02K.01,0.41,0.014,2.856,0.437,6.576,0.02,3.01,2.675,4.987,2.208,MSS,13.99,1,10.05,1,50,M1,N2,T4,Stage IV,NA,COAD,Ascending Colon,NA,Male,0.473918,0
TCGA.AA.A02O.01,0.808,0.758,4.528,0.545,5.903,0,1.788,0.357,1.717,2.205,MSS,0.92,0,0.92,0,82,M0,N0,T3,Stage II,137,COAD,Transverse Colon,NA,Male,1.128813,1
TCGA.AA.A02R.01,0.764,0.345,5.948,0.313,7.529,0,0.271,0.758,0.717,1.605,MSI-H,22.01,1,NA,NA,84,M0,N0,T3,Stage IIA,NA,COAD,Cecum,NA,Female,1.090728,1
TCGA.AA.A02W.01,1.414,0.103,2.907,0.635,7.993,0,1.736,1.889,1.612,2.145,MSI-L,40.97,0,33.02,1,73,M0,N0,T2,Stage I,88,COAD,Sigmoid Colon,NA,Female,1.25697,1
TCGA.AA.A02Y.01,0.286,0.358,5.8,0.528,5.777,0,0.97,4.667,4.752,0.522,MSS,39.95,0,39.95,0,73,M0,N0,T2,Stage I,102,COAD,Cecum,NA,Male,0.160709,0
TCGA.AA.A03F.01,0.924,0.056,7.418,0.306,7.946,0,3.921,0.52,4.006,2.563,MSS,18.04,1,NA,NA,90,M0,N2,T3,Stage III,103,MACR,Cecum,NA,Female,0.770041,0
TCGA.AA.A03J.01,0.889,0.221,6.389,0.695,7.618,0,1.872,3.897,4.403,2.072,MSS,40.93,0,40.93,0,65,M0,N0,T2,Stage I,66,COAD,Sigmoid Colon,NA,Female,0.6684,0
TCGA.AD.5900.01,2.15,0.275,6.84,0.535,7.397,0,0.157,0.186,0.988,1.497,MSI-H,12.16,0,12.16,0,67,MX,N0,T2,Stage I,NA,MACR,Ascending Colon,WHITE,Male,1.411644,1
TCGA.AD.6548.01,1.62,0.181,6.968,0.801,9.486,0,2.529,3.468,5.25,2.282,MSI-L,21.35,0,21.35,0,81,M0,N0,T2,Stage I,NA,COAD,Splenic Flexure,WHITE,Female,1.040607,1
TCGA.AD.6888.01,0.479,3.75,6.379,0.652,8.489,0.023,0.778,3.077,5.744,0.703,MSS,15.51,1,11.27,1,73,M0,N1b,T3,Stage IIIB,NA,COAD,Hepatic Flexure,WHITE,Male,1.736958,1
TCGA.AD.6889.01,0.254,0.018,6.481,0.464,7.324,0,3.429,0.217,0.932,1.448,MSI-H,83.18,1,49.8,1,76,M0,N0,T3,Stage IIA,NA,COAD,Ascending Colon,ASIAN,Male,0.828336,0
TCGA.AD.6890.01,1.702,0.172,3.959,0.866,7.56,0,2.666,6.604,5.217,2.272,MSS,24.51,0,24.51,0,65,MX,N0,T1,NA,NA,COAD,Ascending Colon,WHITE,Male,0.598183,0
TCGA.AD.6895.01,1.595,0.086,5.623,0.298,8.209,0,0.667,0.079,3.341,2.536,MSI-H,25.07,0,25.07,0,84,M0,N1a,T3,Stage IIIB,NA,COAD,Cecum,WHITE,Male,1.223656,1
TCGA.AD.6899.01,2.337,0.129,6.272,0.966,6.758,0,4.266,0.989,4.036,2.147,MSS,5.78,1,NA,NA,84,MX,N2b,T4a,Stage IIIC,NA,MACR,Cecum,WHITE,Male,1.148039,1
TCGA.AD.6901.01,1.986,0.069,3.526,1.147,7.843,0,0.588,0.31,1.465,2.879,MSI-L,22.4,1,15.37,1,78,MX,N0,T3,NA,NA,COAD,Cecum,WHITE,Male,1.818481,1
TCGA.AD.6963.01,0.389,0.218,2.373,0.238,7.779,0,0.6,2.191,4.467,1.523,MSS,27.4,0,27.4,0,58,MX,N0,T3,NA,NA,COAD,Ascending Colon,WHITE,Male,0.753127,0
TCGA.AD.6964.01,1.382,0.27,4.41,0.796,5.489,0,4.628,0.293,0.689,2.757,MSI-H,10.87,1,10.68,1,58,NA,N2b,T4a,NA,NA,COAD,Cecum,WHITE,Male,1.116991,1
TCGA.AD.6965.01,1.097,0.269,4.189,0.865,9.03,0,0.817,4.442,3.382,1.999,MSS,26.45,0,21.29,1,62,M0,N2b,T4a,Stage IIIC,NA,COAD,Cecum,WHITE,Male,1.106863,1
TCGA.AD.A5EJ.01,0.412,0.083,5.062,0.203,8.348,0.05,2.41,0.284,1.884,1.78,MSI-H,0,0,0,0,74,MX,N0,T3,Stage IIA,NA,COAD,Cecum,BLACK OR AFRICAN AMERICAN,Female,0.973388,1
TCGA.AD.A5EK.01,0.735,0.108,2.972,1.476,5.592,0,0.453,1.477,1.04,1.753,MSS,16.43,0,16.43,0,51,MX,N0,T2,Stage I,NA,COAD,Ascending Colon,BLACK OR AFRICAN AMERICAN,Male,1.335854,1
TCGA.AM.5820.01,2.286,0.053,4.812,0.955,6.272,0,1.96,6.114,6.274,1.292,MSS,0.46,0,0.46,0,59,M1,N2,T4a,Stage IVA,NA,COAD,Sigmoid Colon,WHITE,Female,0.482384,0
TCGA.AM.5821.01,0.195,0.106,4.567,0.242,9.818,0,0.7,0.9,1.587,0.836,MSI-H,0.92,0,0.92,0,68,M0,N0,T3,Stage IIA,NA,COAD,Sigmoid Colon,WHITE,Female,1.120256,1
TCGA.AU.3779.01,0.848,0.076,2.969,0.673,6.175,0,1.742,1.191,5.358,1.605,MSS,14.49,0,14.49,0,80,M0,N0,T3,Stage IIA,NA,COAD,Rectosigmoid Junction,WHITE,Female,0.781184,0
TCGA.AU.6004.01,1.033,0.096,5.784,0.799,7.342,0.048,1.868,0.172,3.141,2.852,MSI-H,27.07,0,27.07,0,69,M0,N0,T2,Stage I,NA,COAD,Cecum,WHITE,Female,1.236571,1
TCGA.AY.4070.01,3.052,1.046,7.287,0.875,9.152,1.604,2.933,2.733,4.421,2.11,MSS,16.29,1,6.11,1,50,M0,N2,T3,Stage IIIC,90,COAD,Cecum,BLACK OR AFRICAN AMERICAN,Female,2.466688,1
TCGA.AY.4071.01,1.33,0.065,4.422,0.496,6.541,0,3.064,5.895,5.613,2.078,MSS,0.95,1,NA,NA,63,NA,N0,T1,Stage I,83,COAD,NA,WHITE,Female,0.203715,0
TCGA.AY.5543.01,1.408,0,7.434,0.315,6.69,0,2.902,1.935,4.312,0.925,MSS,32.98,0,32.98,0,65,M1,N1a,T3,Stage IVA,NA,COAD,Ascending Colon,BLACK OR AFRICAN AMERICAN,Female,0.462274,0
TCGA.AY.6196.01,4.131,0.421,4.325,0.904,6.767,0.04,1.074,0.351,1.296,4.066,MSI-L,0.2,0,0.2,0,47,NA,N2b,T3,Stage IIIC,NA,MACR,Cecum,WHITE,Male,2.072935,1
TCGA.AY.6197.01,0.302,0.069,5.464,0.6,6.818,0.077,3.065,1.353,4.024,2.04,MSI-H,21.42,0,21.42,0,60,NA,N0,T3,Stage IIA,NA,COAD,Cecum,WHITE,Male,0.693084,0
TCGA.AY.6386.01,0.996,0.039,6.679,0.757,7.908,0,0.954,0.169,4.15,1.243,MSS,17.81,0,17.81,0,66,M0,N1a,T3,Stage IIIB,NA,COAD,Cecum,BLACK OR AFRICAN AMERICAN,Female,1.109375,1
TCGA.AY.A54L.01,0.283,0.087,5.723,0.424,8.162,0,3.346,3.681,3.632,1.228,MSI-L,17.25,0,13.01,1,74,M0,N0,T2,Stage I,NA,COAD,Transverse Colon,BLACK OR AFRICAN AMERICAN,Female,0.444354,0
TCGA.AY.A69D.01,1.996,0.029,5.688,1.245,6.401,0.042,2.602,5.697,3.224,2.35,MSI-L,17.84,0,17.84,0,55,M0,N0,T3,Stage IIA,NA,COAD,Transverse Colon,BLACK OR AFRICAN AMERICAN,Female,0.800863,0
TCGA.AY.A71X.01,0.788,0.333,5.734,0.923,7.531,0,2.481,2.013,1.28,3.081,MSS,19.32,0,19.32,0,54,M0,N0,T2,Stage I,NA,COAD,Cecum,BLACK OR AFRICAN AMERICAN,Female,1.203248,1
TCGA.AY.A8YK.01,1.281,0.342,6.036,0.686,6.932,0,1.14,4.029,5.103,1.982,MSS,18.82,0,18.82,0,44,M1,N2a,T3,Stage IVA,NA,COAD,Sigmoid Colon,BLACK OR AFRICAN AMERICAN,Male,0.668567,0
TCGA.AZ.4308.01,1.395,0.105,5.549,0.439,6.934,0,0.657,2.15,3.379,2.497,MSS,109.2,0,109.2,0,47,M0,N1,T3,Stage IIIB,NA,COAD,Sigmoid Colon,WHITE,Female,0.866177,1
TCGA.AZ.4313.01,0.327,0,7.653,0,8.096,0,1.53,0.086,1,1.986,MSI-H,75.89,0,75.89,0,51,M0,N0,T1,Stage I,NA,COAD,Descending Colon,WHITE,Female,0.795614,0
TCGA.AZ.4315.01,0.43,0.55,8.438,0.283,7.974,0,2.233,2.389,3.921,1.168,MSS,58.34,0,58.34,0,61,M0,N0,T3,Stage IIA,NA,COAD,Cecum,WHITE,Male,0.582215,0
TCGA.AZ.4323.01,4.066,1.138,6.244,2.015,5.861,0,3.647,1.474,3.316,3.043,MSI-L,1.41,1,NA,NA,37,M1,N2,T4,Stage IV,NA,COAD,Cecum,WHITE,Male,2.18704,1
TCGA.AZ.4614.01,2.213,0.032,4.345,0.287,7.075,0,0.857,1.678,0.745,1.45,MSI-L,5.65,1,NA,NA,71,M1,N1,T4a,Stage IVA,NA,COAD,NA,WHITE,Female,1.102654,1
TCGA.AZ.4615.01,0.191,0.238,6.814,0.587,7.155,0,0.803,0.537,2.285,1.187,MSI-H,32.92,0,22.6,1,84,M0,N1,T3,Stage IIIB,NA,COAD,NA,WHITE,Male,0.904059,1
TCGA.AZ.4616.01,0.637,0.12,6.12,0.257,6.453,0,1.152,0.056,3.385,1.713,MSI-L,5.12,1,NA,NA,82,M1,N2,T3,Stage IV,NA,COAD,Cecum,WHITE,Female,0.732958,0
TCGA.AZ.4682.01,0.697,0.505,6.431,0.336,7.798,0.061,2.049,5.246,5.44,1.205,MSS,22.34,1,NA,NA,61,M1,N0,T3,Stage IVA,NA,COAD,Sigmoid Colon,WHITE,Male,0.34491,0
TCGA.AZ.4684.01,3.481,0.036,6.425,0.46,8.572,0,1.065,1.134,4.257,2.216,MSI-L,64.95,0,13.5,1,49,M1,N2,T3,Stage IVA,NA,COAD,NA,WHITE,Male,1.429749,1
TCGA.AZ.5403.01,1.177,0.306,7.302,0.632,6.55,0,2.173,4.787,5.029,2.036,MSS,62.75,1,9.99,1,43,MX,N0,T3,Stage II,NA,COAD,Sigmoid Colon,WHITE,Male,0.39177,0
TCGA.AZ.5407.01,0.542,0,5.184,0.239,6.31,0.034,4.796,0.978,2.509,1.162,MSS,88.14,0,88.14,0,51,M0,N0,T1,Stage I,NA,COAD,Cecum,WHITE,Female,0.45883,0
TCGA.AZ.6598.01,0.194,0.112,3.096,0.111,6.135,0,0.837,0.069,0,0.854,MSI-H,49.38,1,NA,NA,77,MX,N0,T3,Stage II,NA,COAD,NA,WHITE,Female,0.803128,0
TCGA.AZ.6599.01,0.883,0,4.542,0.57,6.928,0,3.31,0.951,0.99,1.799,MSS,6.77,1,NA,NA,72,MX,N0,T2,Stage I,NA,COAD,Cecum,WHITE,Male,0.946615,1
TCGA.AZ.6600.01,1.701,0.053,6.337,0.759,6.981,0,1.106,3.338,4.505,2.636,MSS,12.09,1,NA,NA,64,M1,N1,T4,Stage IV,NA,COAD,Hepatic Flexure,BLACK OR AFRICAN AMERICAN,Male,0.829641,0
TCGA.AZ.6601.01,1.337,0.31,4.773,0.591,8.945,0,0.458,0.449,2.032,2.09,MSI-H,99.93,1,74.57,1,68,M0,N0,T3,Stage II,NA,COAD,Sigmoid Colon,WHITE,Male,1.526601,1
TCGA.AZ.6603.01,1.708,0.116,3.906,0.411,6.618,0,2.012,1.927,4.465,1.889,MSS,29.53,1,NA,NA,77,MX,N1,T2,NA,NA,COAD,Sigmoid Colon,WHITE,Female,0.807164,0
TCGA.AZ.6605.01,1.668,0.204,7.809,1.142,7.483,0,4.315,4.123,4.581,2.517,MSS,5.22,1,NA,NA,77,M0,N1,T4,Stage IIIB,NA,COAD,Ascending Colon,WHITE,Male,0.817855,0
TCGA.AZ.6606.01,0.94,0.017,7.286,0.483,7.259,0,2.896,0.203,4.674,1.618,MSS,11.73,1,NA,NA,81,M1,N2,T4,Stage IV,NA,COAD,Cecum,WHITE,Male,0.755975,0
TCGA.AZ.6607.01,1.201,0.27,5.47,1.287,9.809,0,1.255,2.608,1.691,1.597,MSS,3.19,1,NA,NA,69,M1,N2,T4,Stage IV,NA,COAD,Sigmoid Colon,WHITE,Male,1.626365,1
TCGA.AZ.6608.01,1.436,0.029,4.531,0.136,7.898,0,0.304,0.922,4.375,0.842,MSI-L,1.94,1,NA,NA,55,M0,N1,T2,Stage IIIA,NA,COAD,Sigmoid Colon,WHITE,Female,0.882487,1
TCGA.CA.5254.01,0.488,0.124,8.053,0.202,6.432,0.2,0.425,1.318,0.847,2.33,MSI-L,12.68,0,12.68,0,42,M0,N0,T3,Stage IIA,NA,COAD,Transverse Colon,ASIAN,Female,0.769028,0
TCGA.CA.5255.01,0.519,0.069,6.563,1.275,8.395,0.026,4.518,1.784,5.131,1.021,MSS,12.35,0,12.35,0,45,M0,N0,T3,Stage IIA,NA,COAD,Ascending Colon,ASIAN,Male,0.963287,1
TCGA.CA.5256.01,0.286,0.033,4.552,0.142,6.399,0,1.801,2.375,6.084,0.487,MSS,12.45,0,12.45,0,54,M0,N0,T3,Stage IIA,NA,COAD,Hepatic Flexure,ASIAN,Female,0.155148,0
TCGA.CA.5796.01,0.546,0.028,8.105,0.198,6.937,0,2.924,1.031,3.559,0.998,MSS,12.39,0,12.39,0,52,M0,N0,T3,Stage IIA,NA,MACR,Ascending Colon,ASIAN,Female,0.413424,0
TCGA.CA.5797.01,1.433,0.103,2.965,0.592,6.393,0.265,1.724,6.659,6.374,1.864,MSS,12.58,0,12.58,0,56,M0,N0,T3,Stage IIA,NA,COAD,Sigmoid Colon,ASIAN,Male,0.381154,0
TCGA.CA.6715.01,0.606,1.472,3.025,0.726,8.364,0,1.304,6.144,5.806,1.306,MSS,12.58,0,12.58,0,63,M0,N1,T3,Stage IIIB,NA,COAD,Sigmoid Colon,ASIAN,Male,0.894983,1
TCGA.CA.6716.01,1.378,0.075,3.144,3.043,7.396,0,0.563,5.328,0.966,1.716,MSS,12.19,0,12.19,0,65,M0,N0,T3,Stage IIA,NA,COAD,Ascending Colon,ASIAN,Male,1.986189,1
TCGA.CA.6717.01,2.793,0.385,6.169,1.373,7.374,0.029,5.849,3.937,2.163,2.168,MSS,12.75,0,12.75,0,57,M0,N0,T3,Stage IIA,NA,MACR,Ascending Colon,ASIAN,Male,1.298992,1
TCGA.CA.6718.01,1.474,0.112,3.871,0.624,6.436,0.028,0.425,0,0.4,2.462,MSS,10.05,1,6.8,1,46,M0,N0,T3,Stage IIA,NA,COAD,Ascending Colon,ASIAN,Male,1.384936,1
TCGA.CA.6719.01,2.327,0.164,3.938,0.623,9.675,0,2.041,0.381,1.985,1.861,MSI-L,14.29,0,11.63,1,77,M0,N0,T3,Stage IIA,NA,COAD,Descending Colon,ASIAN,Male,1.724697,1
TCGA.CK.4947.01,1.324,0.038,3.328,0.88,7.466,0,1.482,4.718,4.121,1.617,MSS,17.54,0,0.69,1,46,M0,N1,T4,Stage IIIB,NA,COAD,Sigmoid Colon,WHITE,Female,0.794714,0
TCGA.CK.4948.01,1.391,0.235,3.716,1.122,7.698,0,2.075,1.654,4.75,2.005,MSI-L,147.9,0,147.9,0,45,M0,N1,T3,Stage III,NA,COAD,Sigmoid Colon,WHITE,Female,1.293274,1
TCGA.CK.4950.01,1.118,0.151,9.55,0.699,6.425,0.036,5.643,5.547,6.682,1.315,MSS,85.38,0,85.38,0,68,M0,N1,T3,Stage IIIB,NA,MACR,Cecum,BLACK OR AFRICAN AMERICAN,Female,-0.0817579999999999,0
TCGA.CK.4951.01,0.437,0.094,6.416,0.417,6.633,0,2.967,1.103,2.026,1.456,MSI-H,70.11,1,15.77,1,79,M0,N0,T3,Stage IIA,NA,MACR,Ascending Colon,WHITE,Female,0.638855,0
TCGA.CK.4952.01,0.207,0.072,3.683,0.717,7.691,0,2.536,0.249,0.757,1.117,MSS,15.6,0,15.6,0,48,M0,N2,T4,Stage IIIC,NA,MACR,Ascending Colon,WHITE,Female,1.141599,1
TCGA.CK.5912.01,0.918,0.025,3.481,0.254,6.207,0,0.435,0.088,3.031,1.195,MSS,49.05,1,NA,NA,81,MX,N0,T2,Stage I,NA,COAD,Cecum,WHITE,Male,0.842089,0
TCGA.CK.5913.01,0.409,0.053,7.449,0.332,7.781,0.026,0.396,0.032,3.892,1.564,MSI-H,51.28,0,51.28,0,58,MX,N0,T3,Stage IIA,NA,COAD,Cecum,WHITE,Female,0.847657,1
TCGA.CK.5914.01,0.276,0.035,3.06,0.353,7.934,0.026,3.73,3.724,3.026,1.343,MSS,21.98,0,21.98,0,81,MX,N1,T3,Stage IIIB,NA,COAD,Sigmoid Colon,WHITE,Male,0.497514,0
TCGA.CK.5915.01,1.32,0.066,3.536,0.175,6.212,0,1.266,8.144,3.919,0.836,MSS,0,0,0,0,63,MX,N0,T2,Stage I,NA,COAD,Sigmoid Colon,WHITE,Male,-0.104522,0
TCGA.CK.5916.01,1.167,0.138,7.168,0.459,6.501,0,3.969,0.418,0.676,1.347,MSI-H,21.12,1,9.59,1,71,M0,N0,T1,Stage I,NA,COAD,Cecum,WHITE,Female,0.846027,1
TCGA.CK.6746.01,0.155,0.134,6.17,0.552,7.912,0,0.05,0,0.114,1.635,MSI-H,0,0,0,0,84,MX,N0,T4b,Stage IIB,NA,COAD,Cecum,WHITE,Female,1.204917,1
TCGA.CK.6747.01,1.899,0.044,5.245,0.641,6.58,0,5.71,2.892,4.244,1.258,MSI-H,82.88,0,82.88,0,87,MX,N0,T3,Stage IIA,NA,COAD,Cecum,WHITE,Female,0.576178,0
TCGA.CK.6748.01,1.108,0.596,4.237,1.387,8.065,0,0.965,0.553,3.445,1.16,MSS,2,0,2,0,45,M1,N1,T3,Stage IV,NA,MACR,Sigmoid Colon,WHITE,Female,1.697637,1
TCGA.CK.6751.01,0.48,0.019,4.405,0.358,6.161,0,3.47,1.362,3.969,1.197,MSS,124.18,0,124.18,0,88,MX,N0,T2,Stage I,NA,MACR,Ascending Colon,WHITE,Female,0.44661,0
TCGA.CM.4743.01,0.224,0,6.549,0.093,6.492,0,2.117,1.604,1.952,1.609,MSI-H,23.03,0,23.03,0,69,M0,N0,T3,Stage IIA,NA,COAD,Hepatic Flexure,WHITE,Male,0.391738,0
TCGA.CM.4744.01,0.168,0.332,5.4,0.172,9.488,0.056,0.064,0.407,3.288,0.519,MSS,20.01,0,20.01,0,69,M0,N0,T2,Stage I,NA,COAD,Cecum,WHITE,Male,1.079896,1
TCGA.CM.4746.01,0.257,0,5.228,0.123,7.563,0,2.722,1.121,2.184,0.829,MSI-H,36.99,0,36.99,0,61,M0,N0,T2,Stage I,NA,COAD,Sigmoid Colon,BLACK OR AFRICAN AMERICAN,Male,0.575268,0
TCGA.CM.4747.01,1.489,0,5.108,2.276,7.317,0.312,2.114,2.013,1.816,1.29,MSI-L,25,0,25,0,47,M1a,N1b,T4a,Stage IVA,NA,COAD,Cecum,WHITE,Male,1.924004,1
TCGA.CM.4748.01,2.347,1.148,7.071,0.381,7.086,0.678,2.626,2.791,2.542,3.321,MSS,26.02,0,26.02,0,53,M0,N1a,T4a,Stage IIIB,NA,MACR,Transverse Colon,WHITE,Male,1.558028,1
TCGA.CM.4750.01,0.858,0.435,2.831,0.275,8.768,0,1.095,1.44,3.7,0.845,MSI-L,8.02,0,8.02,0,34,M0,N1b,T1,Stage IIIA,NA,COAD,NA,WHITE,Female,1.090978,1
TCGA.CM.4751.01,1.404,0.098,8.16,0.575,8.182,0,3.405,4.105,4.23,1.941,MSS,27,0,27,0,62,M0,N1b,T3,Stage IIIB,NA,COAD,Cecum,WHITE,Male,0.579085,0
TCGA.CM.4752.01,0.718,0.038,8.411,0.568,6.5,0,4.705,3.78,4.967,2.13,MSS,13.01,0,13.01,0,58,M0,N0,T3,Stage IIA,NA,COAD,Ascending Colon,BLACK OR AFRICAN AMERICAN,Male,0.158436,0
TCGA.CM.5341.01,0.572,0.241,5.401,0.789,5.097,0,0.301,0.697,4.192,1.071,MSS,29.04,0,29.04,0,82,M0,N1a,T2,Stage IIIA,NA,COAD,Sigmoid Colon,WHITE,Female,0.752077,0
TCGA.CM.5344.01,1.281,0.136,5.362,0.693,6.189,0.15,1.914,1.64,4.257,2.058,MSS,22.01,0,22.01,0,39,M0,N1b,T3,Stage IIIB,NA,COAD,Sigmoid Colon,WHITE,Female,0.895694,1
TCGA.CM.5348.01,2.756,0.19,4.685,2.002,5.997,0.027,4.452,3.348,2.962,2.404,MSS,22.96,0,22.96,0,72,M0,N1a,T3,Stage IIIB,NA,COAD,Cecum,WHITE,Male,1.509947,1
TCGA.CM.5349.01,2.428,0.902,4.195,0.674,5.42,2.393,0.653,4.831,3.625,2.402,MSS,30.06,0,30.06,0,68,M0,N0,T3,Stage IIA,NA,COAD,Cecum,WHITE,Female,2.198781,1
TCGA.CM.5860.01,0.557,0.173,6.037,1.162,7.335,0,2.817,4.607,3.728,1.546,MSS,32,0,32,0,44,M0,N0,T3,Stage IIA,NA,COAD,Ascending Colon,WHITE,Male,0.68187,0
TCGA.CM.5861.01,0.498,0.101,7.113,0.792,6.467,0,0.128,0.093,0.405,1.05,MSI-H,15.01,0,11.01,1,63,M0,N0,T3,Stage IIA,NA,COAD,Cecum,WHITE,Female,1.08226,1
TCGA.CM.5862.01,0.712,0.044,3.67,0.733,5.484,0,1.257,0.623,1.987,1.508,MSS,5.03,1,1.02,1,80,M1a,N1a,T3,Stage IVA,NA,COAD,Ascending Colon,WHITE,Male,0.913307,1
TCGA.CM.5863.01,2.111,0.048,5.456,0.788,7.657,2.244,1.906,2.283,3.5,1.688,MSS,15.01,0,15.01,0,60,M0,N1b,T3,Stage IIIB,NA,MACR,Ascending Colon,WHITE,Female,2.304014,1
TCGA.CM.5864.01,0.272,0.025,3.416,0.287,6.689,0,0.655,4.792,3.272,1.541,MSS,15.01,0,15.01,0,60,M0,N0,T2,Stage I,NA,COAD,Cecum,WHITE,Male,0.290528,0
TCGA.CM.5868.01,1.42,0.014,2.644,0.588,5.796,0,1.243,1.365,3.539,1.314,MSS,17.02,0,17.02,0,59,M1a,N1a,T4a,Stage IVA,NA,COAD,Sigmoid Colon,WHITE,Female,0.866667,1
TCGA.CM.6161.01,2.631,0.593,4.706,0.713,7.813,0,2.026,9.276,2.972,1.669,MSI-L,15.01,0,15.01,0,36,M0,N0,T2,Stage I,NA,COAD,Sigmoid Colon,WHITE,Female,0.632914,0
TCGA.CM.6162.01,2.008,0.239,5.082,1.775,7.386,0,5.679,2.716,2.912,2.322,MSI-H,11.99,0,11.99,0,48,M0,N1a,T3,Stage IIIB,NA,MACR,Ascending Colon,WHITE,Female,1.451567,1
TCGA.CM.6163.01,1.363,0.063,7.708,0.829,5,0,1.677,3.835,5.153,2.2,MSS,14.03,0,14.03,0,74,M0,N0,T1,Stage I,NA,COAD,Sigmoid Colon,WHITE,Male,0.356842,0
TCGA.CM.6164.01,1.614,0.181,3.699,0.415,7.006,0,0.513,1.428,3.611,2.239,MSS,29.01,0,29.01,0,46,M0,N0,T3,Stage IIA,NA,COAD,Sigmoid Colon,WHITE,Female,1.05647,1
TCGA.CM.6165.01,2.004,0.187,5.4,0.877,5.414,0,0.517,2.859,4.302,2.072,MSS,16.03,0,16.03,0,74,M0,N0,T3,Stage IIA,NA,COAD,Sigmoid Colon,WHITE,Male,0.868185,1
TCGA.CM.6166.01,1.32,0.297,3.128,0.795,5.868,0,0.579,4.027,3.533,1.62,MSS,21.98,0,21.98,0,48,M0,N0,T2,Stage I,NA,COAD,Ascending Colon,WHITE,Female,0.775553,0
TCGA.CM.6167.01,4.692,0.497,5.073,1.164,5.282,0,0.65,1.359,3.55,4.28,MSS,14.98,0,14.98,0,57,M0,N2b,T3,Stage IIIC,NA,COAD,Cecum,BLACK OR AFRICAN AMERICAN,Female,1.873773,1
TCGA.CM.6168.01,2.488,0.38,7.979,1.336,6.577,0.029,3.156,3.973,4.168,2.599,MSI-L,12.98,0,12.98,0,84,M0,N0,T3,Stage IIA,NA,COAD,Ascending Colon,BLACK OR AFRICAN AMERICAN,Female,1.088387,1
TCGA.CM.6169.01,2.092,0.301,4.388,1.356,7.616,0,0.421,3.1,4.442,2.55,MSS,13.01,0,13.01,0,67,M0,N0,T3,Stage IIA,NA,COAD,Cecum,BLACK OR AFRICAN AMERICAN,Male,1.469201,1
TCGA.CM.6170.01,1.212,0.087,2.716,0.681,7.553,0,0.466,1.241,3.995,1.432,MSS,15.01,0,15.01,0,73,M0,N0,T2,Stage I,NA,COAD,Descending Colon,WHITE,Female,1.155037,1
TCGA.CM.6171.01,0.323,0.11,7.143,0.319,6.026,0.21,3.584,3.132,1.998,1.795,MSI-H,14.03,0,14.03,0,77,M0,N0,T2,Stage I,NA,COAD,Ascending Colon,WHITE,Female,0.349216,0
TCGA.CM.6172.01,1.084,0.102,6.707,0.61,5.439,0,3.048,2.191,4.267,2.512,MSS,11.01,0,11.01,0,70,M0,N1a,T3,Stage IIIB,NA,COAD,Sigmoid Colon,WHITE,Female,0.49441,0
TCGA.CM.6674.01,1.174,0.186,6.712,0.684,5.687,0,0.594,0.116,2.675,1.34,MSI-H,12.94,0,12.94,0,39,M0,N0,T3,Stage IIA,NA,COAD,Hepatic Flexure,WHITE,Male,0.960369,1
TCGA.CM.6675.01,0.611,0.042,5.277,0.374,9.593,0,4.84,2.802,3.647,1.557,MSS,13.04,0,11.07,1,35,M1b,N2b,T3,Stage IVB,NA,COAD,Cecum,BLACK OR AFRICAN AMERICAN,Male,0.715369,0
TCGA.CM.6676.01,2.415,1.293,3.682,1.64,6.106,0,0.821,0.586,5.099,1.866,MSI-L,11.07,0,11.07,0,82,M0,N0,T2,Stage I,NA,COAD,Sigmoid Colon,WHITE,Male,1.969076,1
TCGA.CM.6677.01,0.934,0.058,3.815,0.911,6.37,0,3.048,0.532,3.088,2.076,MSS,11.07,0,11.07,0,75,M0,N0,T3,Stage IIA,NA,COAD,Hepatic Flexure,WHITE,Female,1.053803,1
TCGA.CM.6678.01,0.887,0.643,5.307,1.404,5.981,0,2.063,2.433,4.387,1.495,MSS,11.01,0,0,1,63,M1a,N1c,T4a,Stage IVA,NA,COAD,Sigmoid Colon,WHITE,Female,1.079476,1
TCGA.CM.6679.01,1.638,0.257,2.334,0.804,5.851,0,1.487,5.923,3.525,2.501,MSS,10.05,0,10.05,0,58,M0,N0,T3,Stage IIA,NA,COAD,Sigmoid Colon,WHITE,Male,0.6504,0
TCGA.CM.6680.01,1.764,0.259,5.479,1.564,7.458,0,5.149,1.981,1.809,2.413,MSS,12.02,0,12.02,0,78,M0,N2a,T3,Stage IIIB,NA,COAD,Cecum,WHITE,Female,1.475718,1
TCGA.D5.5537.01,0.836,0.781,3.967,0.793,6.446,0,3.946,6.088,4.801,1.469,MSS,45.37,1,23.72,1,83,MX,N2,T3,NA,NA,COAD,Ascending Colon,WHITE,Male,0.423847,0
TCGA.D5.5538.01,1.677,0.388,3.813,0.942,7.352,0,0.838,3.304,5.613,1.585,MSS,54.57,1,33.08,1,60,M0,N1b,T3,Stage IIIB,NA,COAD,Cecum,WHITE,Female,1.059554,1
TCGA.D5.5539.01,1.05,0.236,7.275,0.828,6.4,0.053,4.572,3.487,4.014,1.951,MSS,19.58,0,19.02,1,60,M0,N1,T3,Stage IIIA,NA,MACR,Ascending Colon,WHITE,Male,0.53519,0
TCGA.D5.5540.01,0.229,0.085,3.591,0.737,5.54,0.032,1.003,2.284,1.439,0.871,MSI-L,56.04,0,56.04,0,73,M0,N0,T3,Stage IIA,NA,COAD,Cecum,WHITE,Male,0.693869,0
TCGA.D5.5541.01,0.863,0.476,5.115,0.825,6.009,0.024,0.197,1.962,5.001,1.798,MSS,55.88,0,55.88,0,63,M0,N1a,T3,Stage IIIB,NA,COAD,Sigmoid Colon,WHITE,Male,0.894688,1
TCGA.D5.6529.01,0.965,0.163,4.554,0.956,8.781,0,3.303,4.381,3.257,2.352,MSI-L,20.17,0,12.68,1,69,M0,N0,T3,Stage IIA,NA,COAD,NA,WHITE,Male,0.969727,1
TCGA.D5.6530.01,0.215,0.215,4.29,0.311,6.074,0,1.765,0.645,1.954,2.349,MSI-H,20.4,0,20.4,0,53,M0,N0,T2,Stage I,NA,COAD,NA,WHITE,Male,0.751688,0
TCGA.D5.6531.01,0.948,0.781,4.686,0.637,8.562,0,1.798,2.214,0.807,0.801,MSS,17.74,0,17.74,0,75,M0,N0,T3,Stage IIA,NA,COAD,Hepatic Flexure,WHITE,Male,1.312538,1
TCGA.D5.6532.01,0.557,0.167,2.563,0.523,7.295,0.029,2.951,6.242,4.363,1.154,MSI-L,18.23,0,18.23,0,61,M0,N0,T3,Stage IIA,NA,COAD,Sigmoid Colon,WHITE,Male,0.281461,0
TCGA.D5.6533.01,0.447,0.265,3.789,0.718,6.923,0,0.243,4.062,5.274,1.764,MSS,25.46,0,25.46,0,68,M0,N0,T4b,NA,NA,COAD,Transverse Colon,WHITE,Female,0.619404,0
TCGA.D5.6534.01,2.522,0.282,7.103,1.833,8.475,0.024,3.076,3.044,3.914,2.657,MSS,43.23,0,43.23,0,62,M0,N0,T3,Stage IIA,NA,MACR,Ascending Colon,WHITE,Female,1.704316,1
TCGA.D5.6535.01,0.495,0.117,7.425,0.313,8.255,1.384,0.194,1.179,4.927,1.58,MSS,15.11,0,15.11,0,80,MX,N1,T3,Stage IIIB,NA,COAD,Ascending Colon,WHITE,Female,1.483683,1
TCGA.D5.6536.01,0.319,0.161,2.763,1.213,8.85,0,0.379,0.034,2.484,2.869,MSS,17.84,0,16.2,1,73,M0,N0,T3,Stage IIA,NA,COAD,Sigmoid Colon,WHITE,Male,1.736465,1
TCGA.D5.6537.01,0.169,0.706,3.776,0.73,9.48,0,0.77,3.569,3.708,1.098,MSS,4.8,1,4.04,1,64,MX,N1a,T3,Stage IIIB,NA,COAD,Transverse Colon,WHITE,Male,1.118133,1
TCGA.D5.6538.01,1.095,0.165,3.148,1.251,6.881,0.026,1.512,5.179,0.656,1.919,MSI-L,17.12,0,17.12,0,79,M0,N2,T3,Stage IIIB,NA,COAD,Hepatic Flexure,WHITE,Female,1.057598,1
TCGA.D5.6539.01,1.54,0,9.411,0.574,7.129,0.229,5.351,6.35,6.603,1.962,MSS,12.48,0,12.48,0,45,M0,N0,T3,NA,NA,COAD,Transverse Colon,WHITE,Female,0.050952,0
TCGA.D5.6540.01,0.466,0.079,7.222,0.211,7.921,0,0.148,0.072,0.416,2.154,MSI-H,16.13,0,16.13,0,66,M0,N0,T2,Stage I,NA,MACR,Cecum,WHITE,Male,1.040377,1
TCGA.D5.6541.01,0.436,0.116,6.259,0.497,6.815,0,0.873,4.622,2.81,2.361,MSS,15.57,0,15.57,0,49,M0,N0,T3,Stage IIA,NA,COAD,Splenic Flexure,WHITE,Male,0.428437,0
TCGA.D5.6898.01,4.696,0.213,3.901,0.999,5.885,0,0.493,1.901,4.251,2.155,MSS,7.52,0,7.52,0,51,M0,N0,T2,Stage I,NA,COAD,Sigmoid Colon,WHITE,Female,1.633373,1
TCGA.D5.6920.01,1.375,0.116,8.504,0.383,7.219,0,5.055,6.352,5.325,2.262,MSS,12.39,0,12.39,0,77,M0,N0,T3,Stage IIA,NA,COAD,Sigmoid Colon,WHITE,Female,-0.0126269999999999,0
TCGA.D5.6922.01,2.967,0.292,3.328,1.332,7.275,0.028,1.579,2.606,3.875,2.496,MSS,10.12,0,10.12,0,76,M0,N1,T3,Stage IIIA,NA,COAD,Sigmoid Colon,WHITE,Male,1.646785,1
TCGA.D5.6923.01,0.846,0.062,3.074,1.226,8.767,0,0.04,0.335,4.58,2.562,MSS,12.42,0,12.42,0,57,M0,N0,T2,Stage I,NA,COAD,Sigmoid Colon,WHITE,Male,1.638291,1
TCGA.D5.6924.01,1.674,0.674,3.667,1.078,7.354,0,0.964,6.824,5.379,2.698,MSS,14.29,0,14.29,0,68,M0,N0,T3,Stage IIA,NA,COAD,Sigmoid Colon,WHITE,Male,0.893211,1
TCGA.D5.6926.01,2.186,0.222,3.974,0.811,8.257,0,0.886,1.216,2.433,2.247,MSS,9.03,0,9.03,0,65,M0,N1,T4a,Stage IIIB,NA,COAD,Sigmoid Colon,WHITE,Male,1.577355,1
TCGA.D5.6927.01,1.042,0.255,6.176,0.617,6.924,0,2.694,0.234,2.678,2.202,MSI-H,9.43,0,9.43,0,34,M0,N0,T3,Stage IIA,NA,COAD,Transverse Colon,WHITE,Male,1.04779,1
TCGA.D5.6928.01,1.791,0.45,6.254,0.934,6.178,0,2.561,2.455,2.687,3.424,MSI-H,11.63,0,11.63,0,80,M0,N0,T3,Stage IIA,NA,MACR,Ascending Colon,WHITE,Male,1.112016,1
TCGA.D5.6929.01,1.596,0.523,3.613,0.806,8.099,0,1.394,1.551,4.441,1.975,MSI-L,13.4,0,13.4,0,49,M1,N1,T3,Stage IV,NA,COAD,Sigmoid Colon,WHITE,Female,1.375966,1
TCGA.D5.6930.01,1.226,0.136,6.037,0.646,6.629,0,1.423,0.125,2.269,1.55,MSI-H,13.34,0,13.34,0,67,M0,N0,T3,Stage IIA,NA,MACR,Ascending Colon,WHITE,Male,1.080461,1
TCGA.D5.6931.01,1.155,0.109,7.878,0.778,10.405,0.066,2.126,4.989,4.061,2.048,MSS,11.99,0,11.99,0,77,M0,N2,T4b,Stage IIIC,NA,COAD,Transverse Colon,WHITE,Male,0.947876,1
TCGA.D5.6932.01,1.126,0.097,2.877,0.41,7.632,0,2.584,0.8,2.107,1.83,MSS,11.37,0,11.37,0,69,M0,N0,T3,Stage IIA,NA,COAD,Transverse Colon,WHITE,Male,1.091041,1
TCGA.D5.7000.01,1.334,0.035,6.986,0.525,6.875,0,1.616,1.715,3.328,2.106,MSS,10.25,0,10.25,0,79,M0,N0,T2,Stage I,NA,MACR,Cecum,WHITE,Female,0.798441,0
TCGA.DM.A0X9.01,0.379,0.063,5.3,0.409,6.184,0,3.151,3.664,4.079,1.381,MSS,119.61,0,119.61,0,71,M0,N0,T3,Stage IIA,NA,COAD,NA,WHITE,Female,0.199808,0
TCGA.DM.A0XD.01,0.214,0.177,3.011,0.237,8.555,0,0.056,0.309,3.258,1.096,MSI-L,24.41,1,20.27,1,65,M0,N0,T3,Stage IIA,NA,COAD,NA,WHITE,Male,1.058406,1
TCGA.DM.A0XF.01,0.589,0.258,2.844,0.763,7.702,0,0.032,4.9,4.88,0.868,MSI-L,38.17,1,NA,NA,68,M0,N2,T3,Stage IIIC,NA,COAD,NA,WHITE,Female,0.691655,0
TCGA.DM.A1D0.01,0.295,0.04,4.362,0.225,7.184,0,2.22,1.219,4.369,2.112,MSS,130.55,0,130.55,0,79,M0,N0,T3,Stage IIA,NA,COAD,Sigmoid Colon,WHITE,Female,0.593751,0
TCGA.DM.A1D4.01,0.992,0.054,2.267,1.371,4.757,0,0.184,1.877,3.635,1.583,MSI-L,92.67,1,63.07,1,80,M0,N0,T3,Stage IIA,NA,COAD,Cecum,WHITE,Male,1.056554,1
TCGA.DM.A1D6.01,0.17,0.01,2.714,1.751,6.29,0,1.218,0.186,0.315,2.236,MSS,49.87,1,NA,NA,88,M0,N0,T3,Stage IIA,NA,MACR,Splenic Flexure,WHITE,Male,1.613064,1
TCGA.DM.A1D7.01,1.245,0.049,5.363,0.294,6.062,0,1.702,3.85,5.668,1.967,MSS,13.3,1,5.06,1,82,M0,N0,T3,Stage IIA,NA,MACR,Sigmoid Colon,WHITE,Male,0.266092,0
TCGA.DM.A1D8.01,0.619,0.051,4.525,0.146,4.825,0,1.028,0.194,0.82,1.658,MSS,12.58,1,NA,NA,50,NA,N1,T3,NA,NA,COAD,Ascending Colon,WHITE,Female,0.626469,0
TCGA.DM.A1D9.01,0.386,0.053,6.223,0.878,5.112,0,3.046,2.308,1.38,1.157,MSS,140.28,0,140.28,0,67,M0,N0,T3,Stage IIA,NA,COAD,Cecum,WHITE,Female,0.527031,0
TCGA.DM.A1DA.01,0.238,0.316,2.787,0.199,6.229,0,0.628,0.101,2.165,1.471,MSI-L,7.49,1,NA,NA,71,M0,N2,T3,Stage IIIC,NA,COAD,Cecum,WHITE,Female,0.863592,1
TCGA.DM.A1DB.01,0.172,0.304,2.629,1.092,6.639,0,0.228,4.788,6.508,2.472,MSS,44.28,1,NA,NA,68,M0,N0,T3,Stage IIA,NA,COAD,Sigmoid Colon,WHITE,Male,0.664234,0
TCGA.DM.A1HA.01,0.251,1.829,1.622,0.055,10.632,0,0,1.385,0.245,1.439,MSS,131.41,0,131.41,0,82,M0,N2,T3,Stage IIIC,NA,COAD,Ascending Colon,WHITE,Male,1.849479,1
TCGA.DM.A1HB.01,0.208,0.039,7.927,0.086,8.699,0,0.529,0.047,0.984,1.085,MSI-H,135.55,0,135.55,0,75,M0,N1,T3,Stage IIIB,NA,MACR,Transverse Colon,WHITE,Male,0.897249,1
TCGA.DM.A280.01,2.156,0.017,1.846,0.101,7.431,0,2.287,0.595,4.26,0.78,MSS,7.75,1,NA,NA,70,M0,N0,T3,Stage IIA,NA,MACR,Ascending Colon,WHITE,Female,0.979764,1
TCGA.DM.A282.01,0.632,0.818,4.101,0.869,5.882,0,1.309,5.053,5.081,1.14,MSS,139.06,0,139.06,0,60,M0,N0,T3,Stage IIA,NA,MACR,Hepatic Flexure,WHITE,Female,0.556688,0
TCGA.DM.A285.01,1.583,0.013,7.805,0.372,7.445,0,4.586,3.398,3.818,1.297,MSS,5.88,1,NA,NA,71,M1,N2,T3,Stage IV,NA,MACR,Ascending Colon,WHITE,Female,0.417005,0
TCGA.DM.A288.01,0.738,0.022,4.481,0.127,8.315,0,0.394,0.259,4.207,1.676,MSS,14.03,1,10.51,1,68,M0,N2,T3,Stage IIIC,NA,MACR,Cecum,WHITE,Male,0.93462,1
TCGA.DM.A28A.01,0.683,0.077,3.003,0.616,8.265,0,1.2,2.108,2.392,2.137,MSS,26.45,1,NA,NA,78,M0,N2,T3,Stage IIIC,NA,COAD,Cecum,WHITE,Male,1.104745,1
TCGA.DM.A28C.01,0.34,0.014,5.863,0.561,5.317,0,1.829,6.121,1.787,0.95,MSS,81.31,1,63.37,1,74,M0,N0,T3,Stage IIA,NA,COAD,Sigmoid Colon,WHITE,Male,0.000602999999999914,0
TCGA.DM.A28E.01,0.821,0.085,2.914,0.184,6.144,0,0.552,4.79,5.124,0.978,MSS,119.84,0,119.84,0,72,M0,N0,T3,Stage IIA,NA,COAD,Sigmoid Colon,WHITE,Female,0.180449,0
TCGA.DM.A28F.01,0.392,0.042,2.136,0.298,6.816,0,3.178,0.521,4.265,0.998,MSS,35.94,1,NA,NA,73,M0,N1,T3,Stage IIIB,NA,COAD,Sigmoid Colon,WHITE,Male,0.663396,0
TCGA.DM.A28G.01,2.087,0.168,5.41,0.791,5.804,0,1.273,3.672,2.223,1.382,MSS,60.74,1,NA,NA,75,M0,N0,T3,Stage IIA,NA,COAD,Ascending Colon,WHITE,Male,0.83412,0
TCGA.DM.A28H.01,0.699,0.057,3.196,0.329,6.011,0.912,1.11,6.325,5.821,1.254,MSI-L,116.98,0,15.9,1,50,M0,N2,T3,Stage IIIC,NA,COAD,Cecum,WHITE,Male,0.458858,0
TCGA.DM.A28K.01,0.22,0.053,2.943,0.103,7.86,0,2.605,0.064,2.164,2.557,MSS,98.16,0,98.16,0,75,M0,N0,T3,Stage IIA,NA,MACR,Hepatic Flexure,WHITE,Male,0.918838,1
TCGA.DM.A28M.01,0.146,0,6.054,0.382,6.247,0,2.885,1.382,3.337,0.66,MSS,95.11,0,95.11,0,63,M0,N0,T3,Stage IIA,NA,COAD,Descending Colon,WHITE,Male,0.369612,0
TCGA.F4.6459.01,3.594,0.149,3.608,1.542,6.613,0,1.031,6.14,5.373,1.745,MSS,8.61,1,NA,NA,61,M0,N2a,T3,Stage IIIB,NA,COAD,Sigmoid Colon,WHITE,Female,1.21819,1
TCGA.F4.6460.01,3.41,0.334,5.921,1.04,7.356,0,1.222,3.493,3.665,2.453,MSS,31.93,1,10.28,1,51,M0,N1,T3,Stage IIIB,NA,COAD,Sigmoid Colon,WHITE,Female,1.418545,1
TCGA.F4.6461.01,1.552,0.207,6.969,0.86,6.997,0.087,1.322,3.311,3.857,2.476,MSS,11.1,1,9.46,1,41,M0,N2,T4b,Stage IIIC,NA,COAD,Hepatic Flexure,WHITE,Female,0.938993,1
TCGA.F4.6463.01,2.735,0.236,3.747,1.516,7.527,0,1.043,6.328,2.261,2.642,MSS,35.71,0,35.71,0,51,M0,N0,T3,Stage IIA,NA,MACR,Transverse Colon,WHITE,Male,1.38614,1
TCGA.F4.6569.01,1.615,0.318,3.525,1.124,7.762,0,2.129,1.652,1.504,2.311,MSS,35.71,0,35.71,0,60,M0,N0,T2,Stage I,NA,COAD,Transverse Colon,WHITE,Male,1.556319,1
TCGA.F4.6570.01,0.857,0.176,8.025,0.379,7.078,0,0.222,0.694,1.059,2.473,MSI-H,6.18,1,NA,NA,78,M0,N0,T3,Stage IIA,NA,COAD,Transverse Colon,WHITE,Female,0.986796,1
TCGA.F4.6703.01,2.301,0.94,5.759,1.085,8.887,0.044,0.616,0.08,1.666,3.439,MSI-H,47.83,0,47.83,0,64,M0,N0,T3,Stage IIA,NA,COAD,Ascending Colon,WHITE,Male,2.216319,1
TCGA.F4.6704.01,2.84,0.198,2.982,1.221,5.563,0,7.038,0.772,1.485,2.26,MSS,1.54,0,1.54,0,60,MX,N2b,T3,Stage IIIC,NA,MACR,Sigmoid Colon,AMERICAN INDIAN OR ALASKA NATIVE,Male,1.386373,1
TCGA.F4.6805.01,2.72,0.026,7.33,0.659,6.577,0.181,1.98,3.977,3.891,2.466,MSS,34.4,0,34.4,0,58,M0,N0,T3,Stage IIA,NA,COAD,Descending Colon,WHITE,Female,0.867616,1
TCGA.F4.6806.01,1.431,0.766,5.965,1.641,6.609,0.039,4.574,1.845,3.778,1.694,MSS,41.39,0,37.19,1,59,M0,N0,T2,Stage I,NA,COAD,Sigmoid Colon,WHITE,Female,1.393898,1
TCGA.F4.6807.01,2.426,0.086,6.871,1.047,7.335,0,2.43,0.478,2.429,2.631,MSS,43,0,43,0,51,M0,N2b,T3,Stage IIIC,NA,COAD,Hepatic Flexure,WHITE,Female,1.490106,1
TCGA.F4.6808.01,1.356,0.602,4.513,0.09,7.187,0,0.912,4.78,5.602,1.005,MSS,33.64,0,33.64,0,54,M0,N0,T1,Stage I,NA,COAD,Sigmoid Colon,WHITE,Female,0.416032,0
TCGA.F4.6809.01,2.792,0.1,5.551,0.997,5.991,0.043,0.772,2.429,3.642,2.724,MSS,13.24,1,NA,NA,52,M1,N1,T3,Stage IVA,NA,COAD,Sigmoid Colon,WHITE,Female,1.233849,1
TCGA.F4.6854.01,1.926,0.15,5.235,0.655,7.28,0,1.214,5.784,4.686,2.118,MSS,0.53,0,0.53,0,77,M0,N0,T3,Stage IIA,NA,COAD,Sigmoid Colon,WHITE,Female,0.618423,0
TCGA.F4.6855.01,0.848,0.165,3.803,0.995,5.307,0,1.126,2.586,2.474,2.056,MSI-L,47.37,0,47.37,0,70,M0,N0,T3,Stage IIA,NA,COAD,Sigmoid Colon,WHITE,Female,0.86298,1
TCGA.F4.6856.01,1.093,0,6.785,0.347,6.828,0,3.109,0.485,2.492,1.818,MSI-H,35.28,0,35.28,0,45,M0,N0,T2,Stage I,NA,MACR,Cecum,WHITE,Male,0.759447,0
TCGA.G4.6293.01,1.173,0.098,3.554,0.475,7.734,0,4.043,6.988,5.633,1.868,MSI-L,133.08,0,133.08,0,49,M0,N1,T3,Stage III,NA,COAD,Transverse Colon,WHITE,Female,0.18973,0
TCGA.G4.6294.01,0.741,0.593,2.604,0.571,7.658,0,0.626,4.627,3.914,1.103,MSS,28.19,1,16.98,1,75,M1,N1,T3,Stage IV,NA,COAD,Cecum,WHITE,Male,0.794867,0
TCGA.G4.6295.01,0.713,0.047,5.212,0.651,6.646,0,2.331,1.186,1.574,1.565,MSI-L,8.34,0,8.34,0,70,M0,N0,T3,Stage II,NA,COAD,Cecum,WHITE,Female,0.881708,1
TCGA.G4.6297.01,1.386,0.145,7.111,0.688,9.302,0,2.822,4.262,3.922,2.216,MSS,82.33,0,78.65,1,55,M1,N2,T3,Stage IV,NA,COAD,Cecum,WHITE,Female,0.871039,1
TCGA.G4.6298.01,0.963,0.337,3.329,1.733,7.907,0,0.104,0.146,2.617,1.736,MSI-L,23.49,1,9.56,1,90,MX,N1,T4a,Stage IIIB,NA,COAD,Cecum,BLACK OR AFRICAN AMERICAN,Male,1.933491,1
TCGA.G4.6299.01,0.398,0.603,2.779,0.194,8.345,0,0.25,0.039,1.042,2.146,MSS,74.51,0,74.51,0,69,M0,N2,T3,Stage IIIC,NA,COAD,Descending Colon,WHITE,Male,1.369454,1
TCGA.G4.6302.01,4.935,0.282,3.049,0.758,6.997,0,2.185,0.117,1.909,2.845,MSI-H,67.25,1,NA,NA,90,M0,N0,T3,Stage IIA,NA,MACR,Cecum,WHITE,Female,2.038334,1
TCGA.G4.6303.01,1.883,0.238,2.78,0.908,8.132,0,0.127,0.456,4.408,2.136,MSI-L,65.8,1,28.65,1,54,M1,N1,T3,Stage IV,NA,COAD,Sigmoid Colon,WHITE,Female,1.615064,1
TCGA.G4.6304.01,1.302,0.135,4.858,0.37,5.256,0,0.644,0.063,1.38,1.913,MSI-H,53.58,0,28.22,1,66,M0,N0,T4,Stage IIB,NA,COAD,Transverse Colon,WHITE,Female,0.935762,1
TCGA.G4.6306.01,0.44,0.052,7.608,0.218,7.828,0,2.138,3.741,7.052,0.886,MSS,44.65,0,44.65,0,71,M0,N0,T2,NA,NA,COAD,Ascending Colon,WHITE,Male,0.0973520000000001,0
TCGA.G4.6307.01,2.331,0.228,1.93,0.316,6.235,0,1.657,1.101,3.337,1.737,MSS,54.99,0,54.99,0,37,M0,N1,T3,Stage IIIB,NA,COAD,Sigmoid Colon,WHITE,Female,1.086825,1
TCGA.G4.6309.01,0.53,0.135,7.162,0.476,7.384,0.165,1.526,1.749,4.403,1.572,MSI-H,85.41,0,71.48,1,40,M0,N1,T3,Stage IIIB,NA,COAD,Sigmoid Colon,BLACK OR AFRICAN AMERICAN,Female,0.728099,0
TCGA.G4.6310.01,4.179,0.192,1.979,0.399,6.51,0,0.743,1.436,2.544,1.745,MSS,63.57,0,63.57,0,69,M0,N1,T3,Stage IIIB,NA,COAD,Cecum,WHITE,Male,1.515515,1
TCGA.G4.6311.01,1.025,0.17,7.829,0.653,8.364,0,3.805,3.592,5,1.604,MSS,39.39,0,39.39,0,80,MX,N1,T3,Stage III,NA,COAD,Ascending Colon,WHITE,Male,0.588757,0
TCGA.G4.6314.01,3.202,0.445,3.131,0.955,8.604,0,1.066,1.054,2.146,2.517,MSS,35.91,0,19.88,1,76,M1,N2,T3,Stage IV,NA,COAD,Cecum,WHITE,Female,2.004787,1
TCGA.G4.6315.01,0.648,0.067,7.278,0.474,7.755,0,3.881,4.847,5.839,1.488,MSS,61.86,0,61.86,0,66,M1,N1,T3,Stage IV,NA,COAD,Descending Colon,WHITE,Male,0.158398,0
TCGA.G4.6317.01,0.167,0.217,1.687,0.241,6.635,0,0.768,0.894,4.511,1.425,MSI-L,35.97,0,19.45,1,51,MX,N2,T3,Stage IIIC,NA,COAD,Sigmoid Colon,WHITE,Female,0.720275,0
TCGA.G4.6320.01,0.215,0.925,3.276,0.393,5.719,0,2.503,3.093,2.562,1.675,MSI-H,26.41,0,26.41,0,73,MX,N1,T3,Stage III,NA,COAD,Hepatic Flexure,WHITE,Male,0.621999,0
TCGA.G4.6321.01,0.758,0,9.267,0.141,7.695,0.029,3.593,3.296,6.36,2.501,MSI-L,22.08,0,22.08,0,60,MX,N1,T2,Stage III,NA,COAD,Cecum,WHITE,Female,0.140312,0
TCGA.G4.6322.01,0.622,0.19,3.626,1.158,6.305,0,2.997,0.49,2.359,2.039,MSI-L,26.02,0,25.92,1,65,MX,N1,T3,Stage IIIB,NA,MACR,Descending Colon,WHITE,Male,1.197888,1
TCGA.G4.6323.01,1.601,0.374,6.185,1.527,6.233,0.03,4.277,5.211,1.508,1.499,MSS,13.76,0,13.76,0,50,MX,N0,Tis,Stage IA,NA,COAD,Cecum,BLACK OR AFRICAN AMERICAN,Male,0.941814,1
TCGA.G4.6586.01,0.366,0.331,4.683,0.178,7.352,0,0.536,0.061,4.863,2.219,MSI-H,35.78,0,35.78,0,73,M0,N0,T3,Stage IIA,NA,COAD,Ascending Colon,WHITE,Female,0.861955,1
TCGA.G4.6588.01,0.496,0.142,6.193,0.248,7.447,0,0.748,1.019,1.369,1.874,MSI-H,26.15,0,26.15,0,58,M0,N0,T3,Stage IIA,NA,COAD,Cecum,WHITE,Female,0.863892,1
TCGA.G4.6625.01,1.499,0.198,7.527,1.022,6.271,0,2.168,4.011,4.56,2.501,MSS,91.72,0,84.23,1,77,M0,N0,T3,Stage IIA,NA,COAD,Sigmoid Colon,WHITE,Female,0.691123,0
TCGA.G4.6626.01,0.335,0.019,4.377,0.219,6.082,0,1.407,1.172,3.056,1.926,MSS,46.71,1,NA,NA,90,M0,N0,T3,Stage IIA,NA,COAD,Ascending Colon,WHITE,Male,0.546681,0
TCGA.G4.6627.01,2.874,0.486,8.625,0.584,7.737,0.11,4.221,5.818,5.621,2.499,MSI-L,74.74,0,32.95,1,84,M0,N0,T3,Stage IIA,NA,COAD,Ascending Colon,WHITE,Male,0.666161,0
TCGA.G4.6628.01,1.276,0.29,6.714,0.258,5.056,0,2.735,1.68,3.632,2.029,MSI-H,79.63,0,79.63,0,78,M0,N0,T2,Stage I,NA,COAD,Cecum,WHITE,Male,0.442133,0
TCGA.NH.A50T.01,0.853,0.175,2.859,0.393,7.937,0.023,1.178,2.4,4.98,1.321,MSS,18.17,0,18.17,0,68,MX,N0,T3,Stage IIA,NA,COAD,Splenic Flexure,BLACK OR AFRICAN AMERICAN,Female,0.821864,0
TCGA.NH.A50U.01,3.707,0.083,2.567,0.391,6.997,0.018,0.12,2.809,3.749,1.782,MSS,10.97,1,9.07,1,42,M1a,N0,T4a,Stage IVA,NA,MACR,Cecum,BLACK OR AFRICAN AMERICAN,Male,1.264735,1
TCGA.NH.A50V.01,0.915,0.072,5.503,0.814,6.35,0,0.243,0.027,1.266,1.782,MSI-L,19.32,0,19.32,0,69,M0,N2a,T3,Stage IIIB,NA,COAD,Cecum,BLACK OR AFRICAN AMERICAN,Male,1.200651,1
TCGA.NH.A5IV.01,0.964,0.298,3.545,0.25,5.332,0.026,0.944,0,1.841,2.466,MSI-H,19.32,0,19.32,0,90,MX,N0,T3,Stage IIA,NA,COAD,Transverse Colon,BLACK OR AFRICAN AMERICAN,Female,0.942327,1
TCGA.NH.A6GA.01,1.343,0.231,2.807,2.335,7.802,4.204,0.199,0.67,3.353,2.526,MSS,9.92,1,3.48,1,58,MX,N2a,T4a,Stage IIIC,NA,COAD,Ascending Colon,BLACK OR AFRICAN AMERICAN,Male,4.427611,1
TCGA.NH.A6GB.01,1.238,0.373,4.033,0.188,8.806,0.033,0.964,0.91,3.467,1.433,MSS,15.64,0,15.64,0,71,MX,N2b,T3,Stage IIIC,NA,COAD,Transverse Colon,BLACK OR AFRICAN AMERICAN,Female,1.180698,1
TCGA.NH.A6GC.01,0.778,0.126,4.007,0.333,6.092,0,0.726,0.047,1.062,2.614,MSS,12.78,0,12.78,0,66,M1b,N1b,T4b,Stage IVB,NA,MACR,Descending Colon,BLACK OR AFRICAN AMERICAN,Female,1.020017,1
TCGA.NH.A8F7.01,0.917,0.201,1.984,0.466,6.481,0,1.123,2.718,4.348,1.831,Indeterminate,17.84,0,17.84,0,53,MX,N0,T3,Stage IIA,NA,COAD,Sigmoid Colon,BLACK OR AFRICAN AMERICAN,Female,0.734449,0
TCGA.NH.A8F8.01,1.826,0.804,3.321,0.59,7.635,0,0.398,3.23,3.781,2.324,MSS,16.79,1,NA,NA,79,M1,N2b,T4a,Stage IV,NA,COAD,Ascending Colon,BLACK OR AFRICAN AMERICAN,Male,1.259454,1
TCGA.QG.A5YV.01,0.802,0.034,4.942,0.706,6.99,0,2.274,1.136,3.635,1.655,MSS,42.74,0,42.74,0,64,MX,N1a,T4b,Stage IIIC,NA,COAD,Sigmoid Colon,BLACK OR AFRICAN AMERICAN,Female,0.88081,1
TCGA.QG.A5YW.01,1.684,0.152,7.044,0.382,6.839,0,5.436,0.773,2.894,2.694,MSI-L,29.43,0,29.43,0,55,MX,N2b,T3,Stage IIIC,NA,MACR,Cecum,BLACK OR AFRICAN AMERICAN,Female,0.804383,0
TCGA.QG.A5YX.01,1.043,0.109,8.431,0.16,5.522,0.047,4.4,2.554,5.844,2.068,MSI-L,32.95,0,32.95,0,61,MX,N0,T3,Stage IIA,NA,COAD,Sigmoid Colon,BLACK OR AFRICAN AMERICAN,Female,0.0369250000000001,0
TCGA.QG.A5Z1.01,3.194,0.176,4.763,0.807,8.359,0,0.513,1.423,2.511,1.942,MSI-L,8.41,1,NA,NA,71,MX,N1b,T3,Stage IIIB,NA,COAD,Sigmoid Colon,BLACK OR AFRICAN AMERICAN,Male,1.692391,1
TCGA.QG.A5Z2.01,0.855,0.062,7.208,0.623,6.54,0,2.504,2.252,3.11,2.662,MSI-H,31.27,0,31.27,0,61,M0,N0,T2,Stage I,NA,COAD,Cecum,BLACK OR AFRICAN AMERICAN,Male,0.659947,0
TCGA.QL.A97D.01,0.536,0.035,4.637,0.232,6.184,0,0.526,1.287,4.211,2.112,MSS,21.88,0,21.88,0,84,MX,N0,T2,Stage I,NA,COAD,Cecum,BLACK OR AFRICAN AMERICAN,Female,0.572547,0
TCGA.RU.A8FL.01,0.83,0,1.734,0.89,5.572,0,0,0.221,4.079,1.838,MSS,38.67,0,8.41,1,51,MX,N2a,T3,Stage IIIB,NA,COAD,Cecum,BLACK OR AFRICAN AMERICAN,Male,1.09237,1
TCGA.SS.A7HO.01,0.31,0.377,4.313,1.81,5.949,0,0.097,1.542,2.948,2.091,MSS,60.09,0,59.17,1,44,M0,N0,T4a,Stage IIB,NA,COAD,Cecum,BLACK OR AFRICAN AMERICAN,Female,1.422773,1
TCGA.T9.A92H.01,0.389,0.049,5.403,0.248,8.328,0,1.443,2.974,5.188,1.532,MSS,11.89,0,2.66,1,82,M0,N0,T3,Stage IIA,NA,COAD,Sigmoid Colon,BLACK OR AFRICAN AMERICAN,Male,0.500879,0
TCGA.WS.AB45.01,1.924,0.225,4.189,1.124,5.741,0,0.613,0.25,1.917,4.219,MSI-H,69.97,0,69.97,0,52,MX,N0,T3,Stage IIA,NA,MACR,Cecum,BLACK OR AFRICAN AMERICAN,Female,1.595783,1
